SALE TYPE,SOLD DATE,PROPERTY TYPE,ADDRESS,CITY,STATE OR PROVINCE,ZIP OR POSTAL CODE,PRICE,BEDS,BATHS,LOCATION,SQUARE FEET,LOT SIZE,YEAR BUILT,DAYS ON MARKET,$/SQUARE FEET,HOA/MONTH,STATUS,NEXT OPEN HOUSE START TIME,NEXT OPEN HOUSE END TIME,URL (SEE https://www.redfin.com/buy-a-home/comparative-market-analysis FOR INFO ON PRICING),SOURCE,MLS#,FAVORITE,INTERESTED,LATITUDE,LONGITUDE
"In accordance with local MLS rules, some MLS listings are not included in the download"
MLS Listing,,Vacant Land,152 Anthoine St,South Portland,ME,04106,199000,,,South Portland,,9583,,5,,,Active,,,https://www.redfin.com/ME/South-Portland/152-Anthoine-St-04106/home/100290868,MREIS,1628911,N,Y,43.6283961,-70.2581742
MLS Listing,,Single Family Residential,392 Sanford Rd,Wells,ME,04090,295000,2,1.5,Wells,882,21780,1979,13,334,,Active,,,https://www.redfin.com/ME/Wells/392-Sanford-Rd-04090/home/100053703,MREIS,1627772,N,Y,43.320487,-70.599054
MLS Listing,,Single Family Residential,37 Paul St,York,ME,03909,1200000,3,2.0,York,3186,173368,2000,16,377,,Active,,,https://www.redfin.com/ME/York/37-Paul-St-03909/home/96675561,MREIS,1627496,N,Y,43.1690358,-70.6289985
MLS Listing,,Single Family Residential,848 Cape Rd,Limington,ME,04049,575000,3,1.0,Limington,1800,522720,,31,319,,Active,,,https://www.redfin.com/ME/Limington/848-Cape-Rd-04049/home/100305042,MREIS,1625365,N,Y,43.7215363,-70.7044891
MLS Listing,,Condo/Co-op,7 Bay Ave #2,Old Orchard Beach,ME,04064,428000,3,2.0,White Cap Condominium Association,548,,1950,53,781,300,Active,,,https://www.redfin.com/ME/Old-Orchard-Beach/7-Bay-Ave-04064/unit-2/home/175551190,MREIS,1622512,N,Y,43.508531,-70.3797481
MLS Listing,,Single Family Residential,121 Log Cabin Rd,Kennebunkport,ME,04046,695000,4,2.0,Kennebunkport,2553,65340,1936,54,272,,Active,,,https://www.redfin.com/ME/Kennebunkport/121-Log-Cabin-Rd-04046/home/100021259,MREIS,1622418,N,Y,43.3972906,-70.4844409
MLS Listing,,Single Family Residential,2 Moxie Ln,Biddeford,ME,04005,795000,3,2.5,Moxie Lane Subdivision,2256,20037,2025,1,352,50,Active,,,https://www.redfin.com/ME/Biddeford/2-Moxie-Ln-04005/home/192518292,MREIS,1629342,N,Y,43.4591449,-70.4234967
MLS Listing,,Single Family Residential,7 Papoose Island Rd,Raymond,ME,04071,1900000,4,3.0,Raymond,2806,20473,1960,1,677,25,Active,,,https://www.redfin.com/ME/Raymond/7-Papoose-Island-Rd-04071/home/100111451,MREIS,1629340,N,Y,43.8494692,-70.5005675
MLS Listing,,Single Family Residential,648 Quarry Rd,Wells,ME,04090,650000,3,2.0,Wells,2136,100623,1994,1,304,,Active,July-12-2025 11:00 AM,July-12-2025 01:00 PM,https://www.redfin.com/ME/Wells/648-Quarry-Rd-04090/home/100052009,MREIS,1628460,N,Y,43.3367318,-70.7073566
MLS Listing,,Single Family Residential,26 Gold Ribbon Dr,Wells,ME,04090,3499000,4,3.5,Wells,2496,10018,1925,1,1402,,Active,,,https://www.redfin.com/ME/Wells/26-Gold-Ribbon-Dr-04090/home/79021667,MREIS,1629004,N,Y,43.293852,-70.5679557
MLS Listing,,Condo/Co-op,218 Washington Ave #207,Portland,ME,04101,899000,2,2.0,Portland,1280,,2023,1,702,515,Active,,,https://www.redfin.com/ME/Portland/218-Washington-Ave-04101/unit-207/home/193217130,MREIS,1629245,N,Y,43.6702621,-70.2553336
MLS Listing,,Condo/Co-op,371 Mile Rd #111,Wells,ME,04090,280000,1,1.0,EAST WINDS CONDOMINIUMS,458,435,1986,1,611,295,Active,,,https://www.redfin.com/ME/Wells/371-Mile-Rd-04090/unit-111/home/148416553,MREIS,1629324,N,Y,43.3028556,-70.568093
MLS Listing,,Single Family Residential,69 Webb Rd,Windham,ME,04062,495000,3,2.0,Windham,1750,148104,1945,1,283,,Active,,,https://www.redfin.com/ME/Windham/69-Webb-Rd-04062/home/97626507,MREIS,1628656,N,Y,43.7661593,-70.4201823
MLS Listing,,Single Family Residential,55 Ossipee Trl E,Standish,ME,04084,399500,3,1.5,Standish,1596,30492,1940,1,250,,Active,July-6-2025 12:00 PM,July-6-2025 02:00 PM,https://www.redfin.com/ME/Standish/55-Ossipee-Trl-E-04084/home/99975694,MREIS,1629302,N,Y,43.7333023,-70.5470946
MLS Listing,,Single Family Residential,50 Carlisle Ln,Wells,ME,04090,699000,3,2.5,Wells,1904,23958,2015,1,367,,Active,,,https://www.redfin.com/ME/Wells/50-Carlisle-Ln-04090/home/100051598,MREIS,1628069,N,Y,43.3313413,-70.6209333
MLS Listing,,Single Family Residential,41 Leisure Ln,Frye Island,ME,04071,1690000,4,3.0,Frye Island,2352,26571,1972,2,719,,Active,,,https://www.redfin.com/ME/Frye-Island/41-Leisure-Ln-04071/home/109743159,MREIS,1628062,N,Y,43.8500377,-70.5274619
MLS Listing,,Single Family Residential,6 North Beach Rd,Frye Island,ME,04071,530000,2,1.0,Frye Island,1075,15246,1985,2,493,,Active,,,https://www.redfin.com/ME/Frye-Island/6-N-Beach-Rd-04071/home/196269799,MREIS,1629285,N,Y,43.8432486,-70.5294843
MLS Listing,,Vacant Land,0 Ocean Ave,Wells,ME,04090,460000,,,Wells,,8276,,2,,,Active,,,https://www.redfin.com/ME/Wells/0-Ocean-Ave-04090/home/188892925,MREIS,1629283,N,Y,43.2679708,-70.5875406
MLS Listing,,Single Family Residential,28 Turkey Farm Rd,Standish,ME,04084,275000,3,1.0,Standish,745,26136,1960,2,369,,Active,,,https://www.redfin.com/ME/Standish/28-Turkey-Farm-Rd-04084/home/99975823,MREIS,1629281,N,Y,43.7893735,-70.5730497
MLS Listing,,Condo/Co-op,16 Frontier Way #161,Arundel,ME,04046,479000,2,2.0,Arundel,1015,12937320,2019,2,472,485,Active,,,https://www.redfin.com/ME/Arundel/16-Frontier-Way-04046/unit-161/home/196268811,MREIS,1629263,N,Y,43.4365571,-70.5152403
MLS Listing,,Single Family Residential,7 Colony Ln,South Portland,ME,04106,649000,4,2.0,South Portland,2409,30056,1986,2,269,,Active,July-6-2025 11:00 AM,July-6-2025 12:30 PM,https://www.redfin.com/ME/South-Portland/7-Colony-Ln-04106/home/100283765,MREIS,1628873,N,Y,43.6283959,-70.3125717
MLS Listing,,Single Family Residential,235 Leisure Ln,Frye Island,ME,04071,875000,3,1.0,Frye Island,1296,17859,1984,2,675,,Active,,,https://www.redfin.com/ME/Frye-Island/235-Leisure-Ln-04071/home/196177039,MREIS,1627863,N,Y,43.8462684,-70.5318176
MLS Listing,,Single Family Residential,233 Beaver Dam Rd,Waterboro,ME,04061,430000,4,2.0,Lake Arrowhead Community,1428,29620,1999,3,301,106,Active,,,https://www.redfin.com/ME/North-Waterboro/233-Beaver-Dam-Rd-04061/home/100277421,MREIS,1628922,N,Y,43.654949,-70.7182631
MLS Listing,,Condo/Co-op,14 Conifer Dr #14,Windham,ME,04062,410000,2,2.0,Woodside Condominium Association,964,498326,2020,3,425,250,Active,,,https://www.redfin.com/ME/Windham/14-Conifer-Dr-04062/unit-14/home/196264543,MREIS,1629225,N,Y,43.7784529,-70.417952
MLS Listing,,Single Family Residential,2 Jack Rabbit Rdg,York,ME,03909,1495000,4,3.5,Gulf Hill,3957,32670,2025,3,378,42,Active,,,https://www.redfin.com/ME/York/2-Jack-Rabbit-RDG-03909/home/195105285,MREIS,1629207,N,Y,43.222057,-70.612394
MLS Listing,,Single Family Residential,4 Jack Rabbit Rdg,York,ME,03909,1475000,3,2.5,York,2942,25700,2025,3,501,42,Active,,,https://www.redfin.com/ME/York/4-Jack-Rabbit-Rdg-03909/home/177150161,MREIS,1629204,N,Y,43.222067,-70.61234
MLS Listing,,Single Family Residential,285 Atlantic Ave,Wells,ME,04090,2150000,4,3.0,Wells,3044,4791,1925,3,706,,Active,,,https://www.redfin.com/ME/Wells/285-Atlantic-Ave-04090/home/100053021,MREIS,1629199,N,Y,43.3120596,-70.5626048
MLS Listing,,Vacant Land,0 Wildes District Rd,Kennebunkport,ME,04046,1750000,,,Kennebunkport,,191664,,3,,,Active,,,https://www.redfin.com/ME/Kennebunkport/0-Wildes-District-Rd-04046/home/186064524,MREIS,1629196,N,Y,43.357313,-70.4690918
MLS Listing,,Condo/Co-op,25 Adams Ln #5,Arundel,ME,04046,424900,2,1.0,Arundel,1000,13068000,2017,3,425,485,Active,,,https://www.redfin.com/ME/Arundel/25-Adams-Ln-04046/unit-5/home/175012519,MREIS,1629195,N,Y,43.43283,-70.508483
MLS Listing,,Single Family Residential,388 Ossipee Trl E,Gorham,ME,04038,395000,2,1.0,Gorham,1110,43124,1949,3,356,,Active,,,https://www.redfin.com/ME/Gorham/388-Ossipee-Trl-04038/home/99958188,MREIS,1629191,N,Y,43.712836,-70.5169086
MLS Listing,,Condo/Co-op,175 Beach Ave #2,Kennebunk,ME,04043,1095000,2,1.5,Kennebunk,1048,10454,1950,3,1045,314,Active,,,https://www.redfin.com/ME/Kennebunk/175-Beach-Ave-04043/unit-2/home/99999679,MREIS,1629187,N,Y,43.3459795,-70.4902532
MLS Listing,,Single Family Residential,8 Maplewood Dr,Limington,ME,04049,229000,3,2.0,Hidden Lake Village,1450,,2025,3,158,595,Active,,,https://www.redfin.com/ME/Limington/8-Maplewood-Dr-04049/home/100306308,MREIS,1629179,N,Y,43.7539477,-70.6734898
MLS Listing,,Single Family Residential,42 Mason Dr,Arundel,ME,04046,575000,1,1.0,Arundel,2432,131115,2003,3,236,,Active,,,https://www.redfin.com/ME/Arundel/42-Mason-Dr-04046/home/100165385,MREIS,1629174,N,Y,43.4102664,-70.5005636
MLS Listing,,Condo/Co-op,148 Breakwater Dr #809,South Portland,ME,04106,590000,2,1.0,Breakwater Condo Assoc.,730,,1987,3,808,561,Active,July-6-2025 01:00 PM,July-6-2025 03:00 PM,https://www.redfin.com/ME/South-Portland/148-Breakwater-Dr-04106/unit-809/home/100285972,MREIS,1629175,N,Y,43.6486206,-70.2327765
MLS Listing,,Single Family Residential,150 Chapel Rd #123,Wells,ME,04090,49900,2,2.0,Wells,676,,2018,3,74,750,Active,,,https://www.redfin.com/ME/Wells/150-Chapel-Rd-04090/unit-123/home/100047081,MREIS,1629173,N,Y,43.3110137,-70.5898423
MLS Listing,,Single Family Residential,18 Colchester Dr,South Portland,ME,04106,1495000,4,3.5,South Portland,4136,46609,2006,3,361,,Active,,,https://www.redfin.com/ME/South-Portland/18-Colchester-Dr-04106/home/100290462,MREIS,1629167,N,Y,43.6095245,-70.27994
MLS Listing,,Condo/Co-op,148 Breakwater Dr #808,South Portland,ME,04106,490000,1,1.0,Breakwater Condo Assoc.,584,,1987,3,839,461,Active,July-6-2025 01:00 PM,July-6-2025 03:00 PM,https://www.redfin.com/ME/South-Portland/148-Breakwater-Dr-04106/unit-808/home/100284687,MREIS,1629168,N,Y,43.6486206,-70.2327765
MLS Listing,,Single Family Residential,29 Acorn St,Gorham,ME,04038,450000,3,2.5,Gorham,1507,15246,2011,3,299,,Active,,,https://www.redfin.com/ME/Gorham/29-Acorn-St-04038/home/99960954,MREIS,1629156,N,Y,43.7250398,-70.4224764
MLS Listing,,Condo/Co-op,3 Creekside Ct #2,Kennebunk,ME,04043,595900,3,3.5,Creekside Crossing,1994,612018,2025,3,299,312,Active,,,https://www.redfin.com/ME/Kennebunk/3-Creekside-CT-04043/unit-2/home/196262354,MREIS,1629149,N,Y,43.375474,-70.552517
MLS Listing,,Single Family Residential,6 Castle Ter,Scarborough,ME,04074,385000,3,1.0,Scarborough,960,13068,1972,3,401,,Active,,,https://www.redfin.com/ME/Scarborough/6-Castle-Ter-04074/home/100315138,MREIS,1629136,N,Y,43.5753193,-70.4041412
MLS Listing,,Single Family Residential,430 Post Rd #277,Wells,ME,04090,115000,2,1.0,Wells,649,,2009,3,177,750,Active,,,https://www.redfin.com/ME/Wells/430-Post-Rd-04090/unit-277/home/100047102,MREIS,1629118,N,Y,43.287083,-70.6096311
MLS Listing,,Multi-Family (2-4 Unit),276 West St,Biddeford,ME,04005,795000,5,4.0,Biddeford,2723,1482346,1900,3,292,,Active,,,https://www.redfin.com/ME/Biddeford/276-West-St-04005/home/106980336,MREIS,1629113,N,Y,43.4572786,-70.4331366
MLS Listing,,Single Family Residential,97 Clemons St,South Portland,ME,04106,550000,3,1.5,South Portland,1812,6969,1940,3,304,,Active,July-6-2025 12:00 PM,July-6-2025 02:00 PM,https://www.redfin.com/ME/South-Portland/97-Clemons-St-04106/home/100285718,MREIS,1629114,N,Y,43.6351192,-70.2439323
MLS Listing,,Single Family Residential,628 Broadway,South Portland,ME,04106,575000,3,1.5,South Portland,1359,6534,1951,3,423,,Active,July-6-2025 11:00 AM,July-6-2025 01:00 PM,https://www.redfin.com/ME/South-Portland/628-Broadway-04106/home/100283740,MREIS,1629108,N,Y,43.6339081,-70.2549533
MLS Listing,,Condo/Co-op,7 Bay Ave #11,Old Orchard Beach,ME,04064,329000,1,1.0,White Cap Village Condos,355,7405,1950,3,927,300,Active,,,https://www.redfin.com/ME/Old-Orchard-Beach/7-Bay-Ave-04064/unit-11/home/175256475,MREIS,1629107,N,Y,43.508531,-70.3797481
MLS Listing,,Condo/Co-op,214 North St #12,Saco,ME,04072,370000,2,1.0,Saco,1056,7840,2002,3,350,450,Active,July-6-2025 12:00 PM,July-6-2025 02:00 PM,https://www.redfin.com/ME/Saco/214-North-St-04072/unit-12/home/107077533,MREIS,1629100,N,Y,43.5081864,-70.4488036
MLS Listing,,Vacant Land,lot 29 Saddleback Rd,Baldwin,ME,04091,225000,,,Baldwin,,998395,,3,,,Active,,,https://www.redfin.com/ME/West-Baldwin/29-Saddleback-Rd-04091/home/196261344,MREIS,1629098,N,Y,43.8532224,-70.7316403
MLS Listing,,Condo/Co-op,205 E Grand Ave Unit 7D,Old Orchard Beach,ME,04064,698500,2,1.0,Old Orchard Beach,939,56628,1984,3,744,346,Active,,,https://www.redfin.com/ME/Old-Orchard-Beach/205-E-Grand-Ave-04064/unit-7D/home/100170522,MREIS,1628009,N,Y,43.5321504,-70.3586668
MLS Listing,,Single Family Residential,21 Vines Rd,Saco,ME,04072,1100000,3,2.0,Saco,2424,22651,1998,3,454,,Active,,,https://www.redfin.com/ME/Saco/21-Vines-Rd-04072/home/107070639,MREIS,1628759,N,Y,43.485477,-70.3954225
MLS Listing,,Single Family Residential,113 Wildes District Rd,Kennebunkport,ME,04046,850000,3,1.5,Kennebunkport,1538,52272,1940,4,553,,Active,,,https://www.redfin.com/ME/Kennebunkport/113-Wildes-District-Rd-04046/home/100020334,MREIS,1629077,N,Y,43.3639083,-70.4496861
MLS Listing,,Condo/Co-op,36 Ocean House Way Unit E4,York,ME,03909,650000,2,2.0,York,1240,167706,1986,4,524,773,Active,July-6-2025 11:00 AM,July-6-2025 01:00 PM,https://www.redfin.com/ME/York/36-Ocean-House-Way-03909/unit-E4/home/196256250,MREIS,1629040,N,Y,43.2496063,-70.5987381
MLS Listing,,Vacant Land,Lot 22 D Quarry Cove Rd,Raymond,ME,04071,199000,,,Quarry Cove Road Association,,184258,,4,,42,Active,,,https://www.redfin.com/ME/Raymond/22-Quarry-Cove-Rd-04071/home/196256210,MREIS,1629039,N,Y,43.8508393,-70.5030812
MLS Listing,,Multi-Family (2-4 Unit),44 Hersey St,Portland,ME,04103,975000,5,2.5,Portland,3154,5227,1906,4,309,,Active,,,https://www.redfin.com/ME/Portland/44-Hersey-St-04103/home/85738910,MREIS,1629032,N,Y,43.6723873,-70.2822595
MLS Listing,,Condo/Co-op,404 Ocean Ave #7,Wells,ME,04090,855000,3,2.0,Soft Sands Condominium,992,3484,1960,4,862,667,Active,,,https://www.redfin.com/ME/Wells/404-Ocean-Ave-04090/unit-7/home/100050195,MREIS,1629031,N,Y,43.2802925,-70.5795756
MLS Listing,,Condo/Co-op,11 Academy Pl #33,Saco,ME,04072,282500,2,1.0,Academy Place,891,4791,1985,4,317,475,Active,,,https://www.redfin.com/ME/Saco/11-Academy-Pl-04072/unit-33/home/107072002,MREIS,1629022,N,Y,43.5070155,-70.4337611
MLS Listing,,Multi-Family (2-4 Unit),117-119 Sherwood St,Portland,ME,04103,519000,5,2.0,Portland,2344,8276,1890,4,221,,Active,,,https://www.redfin.com/ME/Portland/119-Sherwood-St-04103/home/194463663,MREIS,1629013,N,Y,43.6819719,-70.2569477
MLS Listing,,Single Family Residential,4 Starboard Ln,Freeport,ME,04032,134500,3,2.0,Duck A Way Mobile Home Park,1064,,1988,4,126,765,Active,,,https://www.redfin.com/ME/Freeport/4-Starboard-Ln-04032/home/97681888,MREIS,1629008,N,Y,43.802857,-70.117735
MLS Listing,,Multi-Family (5+ Unit),280 Island Ave #276,Long Island,ME,04050,1900000,13,10.5,Ponce Landing,9200,13503,2010,4,207,,Active,,,https://www.redfin.com/ME/Long-Island/280-Island-Ave-04050/unit-276/home/194072621,MREIS,1628996,N,Y,43.6891303,-70.167906
MLS Listing,,Single Family Residential,36 Lakewood Dr,Limington,ME,04049,99900,2,1.5,Hidden Lake Village,980,,1981,4,102,900,Active,,,https://www.redfin.com/ME/Limington/36-Lakewood-Dr-04049/home/170220256,MREIS,1628997,N,Y,43.7539673,-70.6719544
MLS Listing,,Single Family Residential,14 Ridge Dr,Windham,ME,04062,499000,3,2.5,Windham,1812,51836,1983,4,275,,Active,,,https://www.redfin.com/ME/Windham/14-Ridge-Dr-04062/home/97626836,MREIS,1628992,N,Y,43.8567438,-70.4095818
MLS Listing,,Single Family Residential,484 Cumberland St,Westbrook,ME,04092,480000,3,2.0,Westbrook,1328,9583,1920,4,361,,Active,,,https://www.redfin.com/ME/Westbrook/484-Cumberland-St-04092/home/97643933,MREIS,1628993,N,Y,43.6911471,-70.3664951
MLS Listing,,Vacant Land,0 Old Post Rd,Arundel,ME,04046,150000,,,Arundel,,152460,,4,,,Active,,,https://www.redfin.com/ME/Arundel/0-Old-Post-Rd-04046/home/184626456,MREIS,1628980,N,Y,43.4035544,-70.5248936
MLS Listing,,Single Family Residential,45 Airport Intervale,Baldwin,ME,04091,239900,1,,Baldwin,663,20473,2006,4,362,,Active,,,https://www.redfin.com/ME/Baldwin/45-Airport-Intervale-04091/home/191790318,MREIS,1628973,N,Y,43.796565,-70.681442
MLS Listing,,Single Family Residential,5 Magnolia Dr,Old Orchard Beach,ME,04064,869900,3,2.0,Country Club Estates at Dunegrass Golf Club,1851,16117,2025,4,470,83,Active,,,https://www.redfin.com/ME/Old-Orchard-Beach/5-Magnolia-Dr-04064/home/184849493,MREIS,1628953,N,Y,43.526373,-70.389151
MLS Listing,,Single Family Residential,122 Country Club 3 Rd,Sanford,ME,04073,425000,3,1.5,Sanford,1383,130680,1936,4,307,,Active,,,https://www.redfin.com/ME/Sanford/122-Country-Club-3-Rd-04073/home/106899748,MREIS,1628951,N,Y,43.3655908,-70.7274902
MLS Listing,,Vacant Land,315 Island Beach Rd,Wells,ME,04090,3950000,,,Wells,,13068,,4,,,Active,,,https://www.redfin.com/ME/Wells/315-Island-Beach-Rd-04090/home/100044461,MREIS,1628948,N,Y,43.3287221,-70.5463532
MLS Listing,,Single Family Residential,300 North Rd,Yarmouth,ME,04096,1249000,5,3.0,Yarmouth,2433,21780,2025,4,513,,Active,July-12-2025 11:00 AM,July-12-2025 01:00 PM,https://www.redfin.com/ME/Yarmouth/300-North-Rd-04096/home/194338467,MREIS,1628945,N,Y,43.8153045,-70.1825998
MLS Listing,,Single Family Residential,167 Heath Rd,Saco,ME,04072,1099999,4,3.0,Saco,2900,121096,2025,4,379,,Active,,,https://www.redfin.com/ME/Saco/167-Heath-Rd-04072/home/189918349,MREIS,1627972,N,Y,43.5726973,-70.4773311
MLS Listing,,Single Family Residential,86 Ridge Rd,Frye Island,ME,04071,1100000,3,2.5,Frye Island,1536,16988,1987,4,716,,Active,,,https://www.redfin.com/ME/Frye-Island/86-Ridge-Rd-04071/home/196216651,MREIS,1628592,N,Y,43.8406281,-70.5171604
MLS Listing,,Single Family Residential,60 Hamilton Way,Yarmouth,ME,04096,6850000,4,5.5,Yarmouth,5560,60984,2022,4,1232,,Active,,,https://www.redfin.com/ME/Yarmouth/60-Hamilton-Way-04096/home/100367579,MREIS,1628300,N,Y,43.7591925,-70.147166
MLS Listing,,Single Family Residential,24 Hunts Dr,Windham,ME,04062,399000,2,1.5,Windham,1456,34848,1993,4,274,,Active,,,https://www.redfin.com/ME/Windham/24-Hunts-Dr-04062/home/97629078,MREIS,1628839,N,Y,43.8241382,-70.4167964
MLS Listing,,Single Family Residential,220 Lane Ave,Portland,ME,04103,779000,4,3.0,Portland,2644,8276,2001,5,295,,Active,,,https://www.redfin.com/ME/Portland/220-Lane-Ave-04103/home/85737967,MREIS,1628929,N,Y,43.6919443,-70.3158141
MLS Listing,,Single Family Residential,610 Deerwander Rd,Hollis,ME,04042,490000,3,2.0,Hollis,1700,206910,2002,5,288,,Active,,,https://www.redfin.com/ME/Hollis-Center/610-Deerwander-Rd-04042/home/97651257,MREIS,1628927,N,Y,43.6087032,-70.6445268
MLS Listing,,Single Family Residential,23 Skylark Ln,York,ME,03909,559900,2,1.0,York,696,6098,1965,5,804,,Active,,,https://www.redfin.com/ME/York/23-Skylark-Ln-03909/home/106807133,MREIS,1628924,N,Y,43.1661139,-70.6242556
MLS Listing,,Vacant Land,056 Cat Mousam Rd,Kennebunk,ME,04043,120000,,,Kennebunk,,716126,,5,,,Active,,,https://www.redfin.com/ME/Kennebunk/56-Cat-Mousam-Rd-04043/home/99998466,MREIS,1628917,N,Y,43.3866056,-70.5508509
MLS Listing,,Single Family Residential,219 Broadturn Rd,Scarborough,ME,04074,250000,3,1.0,Scarborough,1000,28749,1956,5,250,,Active,,,https://www.redfin.com/ME/Scarborough/219-Broadturn-Rd-04074/home/100313917,MREIS,1628906,N,Y,43.5927737,-70.4288595
MLS Listing,,Single Family Residential,62 Strout St,South Portland,ME,04106,475000,2,1.0,South Portland,1325,6969,1957,5,358,,Active,,,https://www.redfin.com/ME/South-Portland/62-Strout-St-04106/home/100286607,MREIS,1628897,N,Y,43.6270848,-70.2858253
MLS Listing,,Condo/Co-op,26 Walnut St Unit D5,Old Orchard Beach,ME,04064,545000,3,2.5,Davenport By The Sea,1600,392040,1987,5,341,350,Active,,,https://www.redfin.com/ME/Old-Orchard-Beach/26-Walnut-St-04064/unit-D5/home/106868532,MREIS,1628898,N,Y,43.5226583,-70.3727487
MLS Listing,,Single Family Residential,1 Robinson Way Unit B48,Kennebunk,ME,04043,69500,1,1.0,Kennebunk,750,,1995,5,93,475,Active,,,https://www.redfin.com/ME/Kennebunk/1-Robinson-Way-04043/unit-B48/home/196246759,MREIS,1628882,N,Y,43.4183885,-70.610012
MLS Listing,,Single Family Residential,5 Virginia Ave,South Portland,ME,04106,661900,3,2.5,South Portland,1960,6534,2005,5,338,,Active,,,https://www.redfin.com/ME/South-Portland/5-Virginia-Ave-04106/home/100288119,MREIS,1628856,N,Y,43.6424479,-70.2394462
MLS Listing,,Vacant Land,Lot 35-C Cram Rd,Baldwin,ME,04024,60000,,,Baldwin,,435600,,5,,,Active,,,https://www.redfin.com/ME/East-Baldwin/35-Cram-Hill-Rd-04024/home/196245242,MREIS,1628845,N,Y,43.8394357,-70.6764532
MLS Listing,,Single Family Residential,45 Dawson St,South Portland,ME,04106,359000,2,1.0,South Portland,732,4791,1925,5,490,,Active,,,https://www.redfin.com/ME/South-Portland/45-Dawson-St-04106/home/100284975,MREIS,1628835,N,Y,43.6335111,-70.3006583
MLS Listing,,Condo/Co-op,7 Parsonage Rd #2,North Yarmouth,ME,04097,539000,3,2.5,Deacon Hayes HOA,1495,97574,2024,5,361,235,Active,,,https://www.redfin.com/ME/North-Yarmouth/7-Parsonage-Rd-04097/unit-2/home/194172354,MREIS,1628825,N,Y,43.8328816,-70.2528099
MLS Listing,,Single Family Residential,30 Pleasant Cove Ln,Portland,ME,04109,1790000,4,3.5,Diamond Cove Homeowners Association,2969,92347,2000,5,603,695,Active,,,https://www.redfin.com/ME/Diamond-Cove/30-Pleasant-Cove-Ln-04109/home/85742994,MREIS,1628824,N,Y,43.6873982,-70.1914784
MLS Listing,,Single Family Residential,93 Ash Tree Trl,Wells,ME,04090,995000,4,3.5,The Forest,2891,17859,2009,5,344,100,Active,July-6-2025 12:00 PM,July-6-2025 02:00 PM,https://www.redfin.com/ME/Wells/93-Ash-Tree-Trl-04090/home/100050489,MREIS,1628820,N,Y,43.2846495,-70.6148206
MLS Listing,,Single Family Residential,46 Ryefield St,Portland,ME,04108,940000,3,2.0,Portland,1529,3920,1905,5,615,,Active,,,https://www.redfin.com/ME/Peaks-Island/46-Ryefield-St-04108/home/85735389,MREIS,1628819,N,Y,43.6536806,-70.1933876
MLS Listing,,Condo/Co-op,58 Ashley Ln #19,Portland,ME,04103,440000,3,1.5,Ocean Woods Condominiums,1786,,1999,5,246,365,Active,,,https://www.redfin.com/ME/Portland/58-Ashley-Ln-04103/unit-19/home/196243962,MREIS,1628814,N,Y,43.693362,-70.2614131
MLS Listing,,Condo/Co-op,218 Washington Ave #401,Portland,ME,04101,1550000,2,2.0,Portland,1996,,2023,5,777,911,Active,,,https://www.redfin.com/ME/Portland/218-Washington-Ave-04101/unit-401/home/193217133,MREIS,1628813,N,Y,43.6702621,-70.2553336
MLS Listing,,Single Family Residential,65 James Dr,Waterboro,ME,04087,444900,3,1.0,Waterboro,1073,29620,1974,5,415,,Active,,,https://www.redfin.com/ME/Waterboro/65-James-Dr-04087/home/100278624,MREIS,1628803,N,Y,43.5393019,-70.6972797
MLS Listing,,Condo/Co-op,1085 Post Rd #20,Wells,ME,04090,189000,1,1.0,Ocean Haven,240,2613,1940,5,788,131,Active,,,https://www.redfin.com/ME/Wells/1085-Post-Rd-04090/unit-20/home/100051446,MREIS,1628800,N,Y,43.3061758,-70.5835467
MLS Listing,,Condo/Co-op,11 Roaring Rock Rd #0,Saco,ME,04072,719900,2,2.0,Cascade Falls,1422,,2025,5,506,350,Active,,,https://www.redfin.com/ME/Saco/11-Roaring-Rock-Rd-04072/home/190074229,MREIS,1628796,N,Y,43.4633162,-70.4361315
MLS Listing,,Single Family Residential,116 & 103 Hills Beach Rd,Biddeford,ME,04005,1395000,3,2.0,Biddeford,1800,27007,1901,5,775,,Active,,,https://www.redfin.com/ME/Biddeford/116-Hills-Beach-Rd-04005/home/102907372,MREIS,1628794,N,Y,43.455331,-70.3738405
MLS Listing,,Condo/Co-op,167 Newbury St #206,Portland,ME,04101,849000,2,2.0,Luminato Condo Association,1254,,2017,5,677,701,Active,,,https://www.redfin.com/ME/Portland/167-Newbury-St-04101/unit-206/home/148202852,MREIS,1628781,N,Y,43.6601521,-70.2521193
MLS Listing,,Single Family Residential,430 Post Rd #133,Wells,ME,04090,75000,1,1.0,Wells,616,,2003,5,122,750,Active,,,https://www.redfin.com/ME/Wells/430-Post-Rd-04090/unit-133/home/100047410,MREIS,1628780,N,Y,43.287083,-70.6096311
MLS Listing,,Single Family Residential,267 N Gorham Rd,Gorham,ME,04038,675000,4,2.5,Gorham,3084,182952,1986,5,219,,Active,July-6-2025 01:00 PM,July-6-2025 03:00 PM,https://www.redfin.com/ME/Gorham/267-N-Gorham-Rd-04038/home/99961535,MREIS,1628192,N,Y,43.7951069,-70.4569927
MLS Listing,,Single Family Residential,29 Ashleigh Ln,Standish,ME,04084,160000,2,2.0,Pine Tree Estates,952,,2005,6,168,922,Active,July-12-2025 10:00 AM,July-12-2025 12:00 PM,https://www.redfin.com/ME/Standish/29-Ashleigh-Ln-04084/home/99975611,MREIS,1628776,N,Y,43.7261362,-70.5956859
MLS Listing,,Single Family Residential,77 Cranberry St,Wells,ME,04090,864900,4,2.0,Wells,1256,4791,1970,6,689,,Active,,,https://www.redfin.com/ME/Wells/77-Cranberry-St-04090/home/100051569,MREIS,1628772,N,Y,43.2729206,-70.5915565
MLS Listing,,Condo/Co-op,2 Main St Unit 17-506,Biddeford,ME,04005,815000,2,2.0,Stage House,1674,740520,1848,6,487,453,Active,,,https://www.redfin.com/ME/Biddeford/2-Main-St-04005/unit-17-506/home/195450199,MREIS,1628746,N,Y,43.4935811,-70.4525783
MLS Listing,,Single Family Residential,5 Goldfinch Dr #42,Falmouth,ME,04105,939900,5,2.5,Homestead Farms Association,2360,16552,2021,6,398,350,Active,,,https://www.redfin.com/ME/Falmouth/5-Goldfinch-Dr-04105/unit-42/home/176589941,MREIS,1628745,N,Y,43.7446281,-70.3019188
MLS Listing,,Single Family Residential,179 Saco Ave,Old Orchard Beach,ME,04064,139999,3,1.0,Old Orchard Beach,330,,2023,6,424,786,Active,,,https://www.redfin.com/ME/Old-Orchard-Beach/179-Saco-Ave-04064/home/79094635,MREIS,1628744,N,Y,43.508496,-70.394655
MLS Listing,,Vacant Land,Lot 5 Forest Dr,Arundel,ME,04046,275000,,,Goff Brook Farm Subdivision Owners Assoc.,,46173,,6,,13,Active,,,https://www.redfin.com/ME/Arundel/Lot-5-Forest-DR-04046/home/186034796,MREIS,1628737,N,Y,43.400964,-70.492203
MLS Listing,,Single Family Residential,259 Middle Rd,Falmouth,ME,04105,775000,3,2.0,Falmouth,1454,61419,1875,6,533,,Active,,,https://www.redfin.com/ME/Falmouth/259-Middle-Rd-04105/home/100292788,MREIS,1628734,N,Y,43.7321471,-70.2384894
MLS Listing,,Vacant Land,14 Forest Dr,Arundel,ME,04046,229000,,,Goff Brook Farm,,43560,,6,,13,Active,,,https://www.redfin.com/ME/Kennebunkport/14-Forest-Dr-04046/home/191094520,MREIS,1628729,N,Y,43.4028878,-70.4875639
MLS Listing,,Single Family Residential,350 Ridge Rd,York,ME,03909-6743,1375000,4,2.5,York,3948,23522,1900,6,348,,Active,,,https://www.redfin.com/ME/York/350-Ridge-Rd-03909/home/96507145,PrimeMLS,5049311,N,Y,43.1700424,-70.6200446
MLS Listing,,Single Family Residential,930 Forest Ave,Portland,ME,04103,645000,4,2.0,Portland,1940,10454,1939,6,332,,Active,,,https://www.redfin.com/ME/Portland/930-Forest-Ave-04103/home/85752254,MREIS,1628683,N,Y,43.6795175,-70.2890738
MLS Listing,,Single Family Residential,10 Paddock Way,Falmouth,ME,04105,1999000,4,4.0,Falmouth,6151,77972,2014,6,325,,Active,,,https://www.redfin.com/ME/Falmouth/10-Paddock-Way-04105/home/100296735,MREIS,1628684,N,Y,43.758015,-70.2813546
MLS Listing,,Single Family Residential,31 Maeves Way,Cumberland,ME,04110,3295000,3,2.5,R&N Woods Association,4957,60548,2017,6,665,208,Active,,,https://www.redfin.com/ME/Cumberland-Foreside/31-Maeves-Way-04110/home/100213282,MREIS,1627959,N,Y,43.747935,-70.205864
MLS Listing,,Single Family Residential,272 Leisure Ln,Frye Island,ME,04071,399000,2,1.0,Frye Island,1152,20473,1984,6,346,,Active,,,https://www.redfin.com/ME/Frye-Island/272-Leisure-Ln-04071/home/66666123,MREIS,1628674,N,Y,43.83994,-70.5295115
MLS Listing,,Single Family Residential,20 River Rd,Buxton,ME,04093,349000,3,2.0,Buxton,1800,66211,1890,6,194,,Active,,,https://www.redfin.com/ME/Buxton/20-River-Rd-04093/home/99950480,MREIS,1628655,N,Y,43.6661405,-70.6009584
MLS Listing,,Single Family Residential,15 Inverness Rd,Falmouth,ME,04105,1399900,3,3.5,Falmouth On The Green Homeowners Association,5226,56192,1989,6,268,175,Active,,,https://www.redfin.com/ME/Falmouth/15-Inverness-Rd-04105/home/100294362,MREIS,1628641,N,Y,43.7721205,-70.279683
MLS Listing,,Single Family Residential,23 Laurel Pines Dr,Gorham,ME,04038,559000,3,2.5,Gorham,1862,16117,1991,6,300,,Active,,,https://www.redfin.com/ME/Gorham/23-Laurel-Pines-Dr-04038/home/99958760,MREIS,1627936,N,Y,43.6705494,-70.4424874
MLS Listing,,Single Family Residential,13 Community House Rd,Kennebunkport,ME,04046,1799000,2,2.0,Kennebunkport,1880,20037,1962,6,957,,Active,July-6-2025 11:00 AM,July-6-2025 01:00 PM,https://www.redfin.com/ME/Kennebunkport/13-Community-House-Rd-04046/home/100020939,MREIS,1628635,N,Y,43.4034647,-70.4107732
MLS Listing,,Single Family Residential,111 Ogunquit Rd,South Berwick,ME,03908,349000,2,1.0,South Berwick,1678,200376,1971,6,208,,Active,July-6-2025 11:00 AM,July-6-2025 01:00 PM,https://www.redfin.com/ME/South-Berwick/111-Ogunquit-Rd-03908/home/97722516,MREIS,1628633,N,Y,43.2601405,-70.6764187
MLS Listing,,Condo/Co-op,191 E Grand Ave #504,Old Orchard Beach,ME,04064,399900,1,1.0,Sunspray,640,52272,1983,6,625,427,Active,,,https://www.redfin.com/ME/Old-Orchard-Beach/191-E-Grand-Ave-04064/unit-504/home/106868327,MREIS,1628632,N,Y,43.52923,-70.3617712
MLS Listing,,Condo/Co-op,9 Samantha Dr #9,Gorham,ME,04038,514000,3,2.5,Gorham,1964,14810,2001,6,262,350,Active,,,https://www.redfin.com/ME/Gorham/9-Samantha-Dr-04038/unit-9/home/196217694,MREIS,1628627,N,Y,43.6669313,-70.4342374
MLS Listing,,Single Family Residential,113 Ray St,Portland,ME,04103,469900,3,1.5,Portland,1428,18295,1965,6,329,,Active,July-6-2025 11:00 AM,July-6-2025 12:30 PM,https://www.redfin.com/ME/Portland/113-Ray-St-04103/home/85740130,MREIS,1628420,N,Y,43.6942388,-70.2776716
MLS Listing,,Single Family Residential,365 & 367 Seaside Ave,Saco,ME,04072,5395000,7,4.5,Saco,7348,41382,2006,6,734,,Active,,,https://www.redfin.com/ME/Saco/365-Seaside-Ave-04072/home/107076231,MREIS,1628177,N,Y,43.4868543,-70.3865199
MLS Listing,,Single Family Residential,70 Maquoit Dr,Freeport,ME,04032,3495000,4,4.5,Swan Area Development Association,4420,18730,2025,6,791,4,Active,,,https://www.redfin.com/ME/Freeport/70-Maquoit-Dr-04032/home/97681478,MREIS,1627601,N,Y,43.8195527,-70.0563327
MLS Listing,,Single Family Residential,150 Chapel Rd #119,Wells,ME,04090,64900,2,1.0,Wells,1000,,2001,7,65,1367,Active,,,https://www.redfin.com/ME/Wells/150-Chapel-Rd-04090/unit-119/home/100046260,MREIS,1628616,N,Y,43.3110137,-70.5898423
MLS Listing,,Single Family Residential,78 Seashore Ave,Portland,ME,04108,1580000,4,2.0,Portland,2038,7840,1894,7,775,,Active,,,https://www.redfin.com/ME/Peaks-Island/78-Seashore-Ave-04108/home/85735733,MREIS,1628615,N,Y,43.6535584,-70.1915471
MLS Listing,,Vacant Land,109 Reed Ave,Portland,ME,04108,1200000,,,Portland,,40075,,7,,,Active,,,https://www.redfin.com/ME/Peaks-Island/109-Reed-Ave-04108/home/85739597,MREIS,1628614,N,Y,43.6701165,-70.1830247
MLS Listing,,Condo/Co-op,1627 Post Rd #13,Wells,ME,04090,319000,2,1.0,Wells,576,10454,1965,7,554,167,Active,,,https://www.redfin.com/ME/Wells/1627-Post-Rd-04090/unit-13/home/100054399,MREIS,1628590,N,Y,43.3241553,-70.5789267
MLS Listing,,Single Family Residential,430 Post Rd #180,Wells,ME,04090,65000,2,1.0,Wells,671,,2006,7,97,792,Active,,,https://www.redfin.com/ME/Wells/430-Post-Rd-04090/unit-180/home/113691587,MREIS,1628585,N,Y,43.287083,-70.6096311
MLS Listing,,Single Family Residential,2 Orchard Rd,Cumberland,ME,04021,599999,4,3.0,Cumberland,1952,32670,1972,7,307,,Active,,,https://www.redfin.com/ME/Cumberland-Center/2-Orchard-Rd-04021/home/100212362,MREIS,1628094,N,Y,43.8246821,-70.3012738
MLS Listing,,Single Family Residential,300 Northeast Rd,Standish,ME,04084,699000,5,3.5,Otter Creek,3683,74052,1977,7,190,,Active,,,https://www.redfin.com/ME/Standish/300-Northeast-Rd-04084/home/99978534,MREIS,1628499,N,Y,43.7525029,-70.5342633
MLS Listing,,Single Family Residential,2 Oak Ridge Rd,Kennebunkport,ME,04046,679000,3,1.5,Kennebunkport,1372,217800,1978,7,495,,Active,,,https://www.redfin.com/ME/Kennebunkport/2-Oak-Ridge-Rd-04046/home/100020572,MREIS,1628570,N,Y,43.4132903,-70.4418934
MLS Listing,,Single Family Residential,174 Marston Rd,Baldwin,ME,04091,395000,2,1.0,Baldwin,1176,87120,2020,8,336,,Active,,,https://www.redfin.com/ME/West-Baldwin/174-Marston-Rd-04091/home/173647475,MREIS,1628584,N,Y,43.8245341,-70.7398834
MLS Listing,,Single Family Residential,23 College Dr #214,Wells,ME,04090,104900,3,1.0,Wells,866,,2021,8,121,750,Active,,,https://www.redfin.com/ME/Wells/23-College-Dr-04090/unit-214/home/100045717,MREIS,1628583,N,Y,43.3118885,-70.597931
MLS Listing,,Condo/Co-op,85 Mile Rd #13,Wells,ME,04090,299900,2,1.0,Wells,576,1742,1972,8,521,299,Active,,,https://www.redfin.com/ME/Wells/85-Mile-Rd-04090/unit-13/home/100054301,MREIS,1628582,N,Y,43.3038539,-70.5811733
MLS Listing,,Vacant Land,145 Emmons Rd,Kennebunk,ME,04043,229000,,,Kennebunk,,130680,,8,,,Active,,,https://www.redfin.com/ME/Kennebunk/145-Emmons-Rd-04043/home/100003394,MREIS,1628574,N,Y,43.4176853,-70.5400701
MLS Listing,,Vacant Land,19 Day Rd,Lyman,ME,04002,649000,,,Lyman,,396831,,8,,,Active,,,https://www.redfin.com/ME/Lyman/19-Day-Rd-04002/home/97657791,MREIS,1628566,N,Y,43.4784104,-70.6309524
MLS Listing,,Single Family Residential,17 Greenfield Ln,Biddeford,ME,04005,430000,4,1.5,Biddeford,1306,10018,1978,8,329,,Active,,,https://www.redfin.com/ME/Biddeford/17-Greenfield-Ln-04005/home/100259634,MREIS,1619363,N,Y,43.476168,-70.4627431
MLS Listing,,Single Family Residential,3 Sea Breeze Ave,Biddeford,ME,04005,949000,3,1.0,Biddeford,1016,10890,1980,8,934,,Active,,,https://www.redfin.com/ME/Biddeford/3-Sea-Breeze-Ave-04005/home/100261676,MREIS,1628547,N,Y,43.4590156,-70.3777108
MLS Listing,,Single Family Residential,21 Cummings Way,Falmouth,ME,04105,925000,3,3.0,Falmouth,2600,223027,2013,8,356,,Active,,,https://www.redfin.com/ME/Falmouth/21-Cummings-Way-04105/home/100296818,MREIS,1628539,N,Y,43.7444298,-70.3228213
MLS Listing,,Condo/Co-op,412 Post Rd #143,Wells,ME,04090,289000,2,1.0,Beach Dreams Cottages,600,8276,2006,8,482,313,Active,,,https://www.redfin.com/ME/Wells/412-Post-Rd-04090/unit-143/home/100048504,MREIS,1628536,N,Y,43.2850185,-70.5986458
MLS Listing,,Single Family Residential,286 Littlefield Rd,Wells,ME,04090,685000,4,2.0,Wells,2092,41382,1987,8,327,,Active,,,https://www.redfin.com/ME/Wells/286-Littlefield-Rd-04090/home/100046737,MREIS,1628166,N,Y,43.2958176,-70.601585
MLS Listing,,Single Family Residential,7 Vincent Ave,Biddeford,ME,04005,375000,3,1.0,Biddeford,1344,5227,1948,9,279,,Active,,,https://www.redfin.com/ME/Biddeford/7-Vincent-Ave-04005/home/106978412,MREIS,1628522,N,Y,43.4841109,-70.4569087
MLS Listing,,Single Family Residential,71 Tavern Hl,Windham,ME,04062,825000,3,3.5,Windham,2526,217800,2013,9,327,,Active,,,https://www.redfin.com/ME/Windham/71-Tavern-Hl-04062/home/97628762,MREIS,1628521,N,Y,43.832535,-70.3637942
MLS Listing,,Condo/Co-op,12 Levi Ln #101,Biddeford,ME,04005,429900,2,2.0,Biddeford,1130,,2016,9,380,245,Active,,,https://www.redfin.com/ME/Biddeford/12-Levi-Ln-04005/unit-101/home/145057437,MREIS,1627771,N,Y,43.4748223,-70.4582751
MLS Listing,,Condo/Co-op,61 Atlantic Ave #3,Wells,ME,04090,599000,2,1.0,Wells,728,871,1880,9,823,632,Active,,,https://www.redfin.com/ME/Wells/61-Atlantic-Ave-04090/unit-3/home/100052491,MREIS,1628477,N,Y,43.3047726,-70.5663504
MLS Listing,,Single Family Residential,30 Trundy Rd,Cape Elizabeth,ME,04107,1695000,7,3.5,Shore Acres,5742,21780,1967,9,295,2,Active,,,https://www.redfin.com/ME/Cape-Elizabeth/30-Trundy-Rd-04107/home/97687771,MREIS,1628469,N,Y,43.5820145,-70.2109488
MLS Listing,,Single Family Residential,37 South St,Yarmouth,ME,04096,3750000,4,3.5,Yarmouth,3427,10018,2025,9,1094,,Active,,,https://www.redfin.com/ME/Yarmouth/37-South-St-04096/home/100365766,MREIS,1628470,N,Y,43.8013569,-70.1924584
MLS Listing,,Multi-Family (2-4 Unit),4 Paul St,York,ME,03909,2299000,8,6.0,York,5196,20037,1960,9,442,,Active,,,https://www.redfin.com/ME/York/4-Paul-St-03909/home/109909650,MREIS,1628466,N,Y,43.165656,-70.6251092
MLS Listing,,Single Family Residential,147 Sand Bar Rd,Windham,ME,04062,1895000,3,3.0,Sandbar Road Association,2500,26136,2009,9,758,24,Active,,,https://www.redfin.com/ME/Windham/147-Sandbar-Rd-04062/home/66717817,MREIS,1627632,N,Y,43.8520467,-70.4278453
MLS Listing,,Vacant Land,97 Warren Ave,Portland,ME,04103,800000,,,Portland,,57499,,9,,,Active,,,https://www.redfin.com/ME/Portland/97-Warren-Ave-04103/home/67377870,MREIS,1628465,N,Y,43.68886,-70.300876
MLS Listing,,Condo/Co-op,170 E Grand Ave #4,Old Orchard Beach,ME,04064,699000,3,2.0,Old Orchard Beach,1741,44866,2005,9,401,400,Active,,,https://www.redfin.com/ME/Old-Orchard-Beach/170-E-Grand-Ave-04064/unit-4/home/106869846,MREIS,1628464,N,Y,43.5272216,-70.3651509
MLS Listing,,Single Family Residential,10 Amherst Ave,York,ME,03909,650000,2,1.0,York,721,15681,1960,9,902,198,Active,,,https://www.redfin.com/ME/York/10-Amherst-Ave-03909/home/100132770,MREIS,1628454,N,Y,43.1634204,-70.6208656
MLS Listing,,Condo/Co-op,5 Dyke Rd Unit G,Kennebunkport,ME,04046,550000,2,1.0,Sand Dollar Condominium Association,576,,1950,9,955,495,Active,,,https://www.redfin.com/ME/Kennebunkport/5-Dyke-Rd-04046/unit-G/home/100022791,MREIS,1628453,N,Y,43.3991087,-70.4173557
MLS Listing,,Single Family Residential,22 Froswick Ave,South Portland,ME,04106,499900,3,1.0,South Portland,1280,9147,1924,9,391,,Active,,,https://www.redfin.com/ME/South-Portland/22-Froswick-Ave-04106/home/100285558,MREIS,1628397,N,Y,43.6236278,-70.3022452
MLS Listing,,Vacant Land,0 Captain Thomas Rd,Ogunquit,ME,03907,3185000,,,Ogunquit,,685634,,9,,,Active,,,https://www.redfin.com/ME/Ogunquit/0-Captain-Thomas-RD-03907/home/188895026,MREIS,1628447,N,Y,43.263089,-70.598758
MLS Listing,,Single Family Residential,lot 6 Bragdon Rd,Wells,ME,04090,589000,3,2.5,Bragdon Meadows,1806,40075,2025,9,326,0,Active,,,https://www.redfin.com/ME/Wells/lot-6-Bragdon-Rd-04090/home/190732183,MREIS,1628424,N,Y,43.322858,-70.683991
MLS Listing,,Condo/Co-op,67 Gary L. Maietta #40,South Portland,ME,04106,435000,3,2.0,South Portland,1406,,2007,9,309,349,Active,,,https://www.redfin.com/ME/South-Portland/67-Gary-L-Maietta-Pkwy-04106/unit-40/home/100290815,MREIS,1628423,N,Y,43.6060722,-70.2867723
MLS Listing,,Single Family Residential,35 Underwood Rd,Falmouth,ME,04105,1795000,3,2.5,Falmouth,2606,7840,2023,9,689,,Active,,,https://www.redfin.com/ME/Falmouth/35-Underwood-Rd-04105/home/100293426,MREIS,1628421,N,Y,43.7382645,-70.2044959
MLS Listing,,Single Family Residential,47 Fall Brook St,Portland,ME,04103,650000,5,2.0,Portland,2742,8276,1900,9,237,,Active,July-6-2025 02:00 PM,July-6-2025 04:00 PM,https://www.redfin.com/ME/Portland/47-Fall-Brook-St-04103/home/85735860,MREIS,1628419,N,Y,43.6879459,-70.2757818
MLS Listing,,Single Family Residential,237 River Rd,Hollis,ME,04042,1399000,4,2.5,Hollis,4400,187308,1816,9,318,,Active,,,https://www.redfin.com/ME/Hollis-Center/237-River-Rd-04042/home/97652032,MREIS,1628417,N,Y,43.6211638,-70.584908
MLS Listing,,Single Family Residential,53 Great Hill Rd,Kennebunk,ME,04043-7403,3700000,4,3.5,Kennebunk,2744,10454,1920,9,1348,,Active,,,https://www.redfin.com/ME/Kennebunk/53-Great-Hill-Rd-04043/home/100000521,PrimeMLS,5048968,N,Y,43.344546,-70.511426
MLS Listing,,Condo/Co-op,10 Amherst Ave #10,York,ME,03909,650000,2,1.0,York,721,15681,1960,9,902,198,Active,,,https://www.redfin.com/ME/York/10-Amherst-Ave-03909/unit-10/home/196206292,MREIS,1628410,N,Y,43.1634204,-70.6208656
MLS Listing,,Single Family Residential,1238 Broadway,South Portland,ME,04106,499000,4,2.0,South Portland,1144,8276,1900,9,436,,Active,,,https://www.redfin.com/ME/South-Portland/1238-Broadway-04106/home/100284591,MREIS,1628370,N,Y,43.6286258,-70.283433
MLS Listing,,Single Family Residential,22 Cider Mill Ln,Standish,ME,04084,619000,3,2.5,Standish,2137,43560,2021,9,290,,Active,,,https://www.redfin.com/ME/Standish/22-Cider-Mill-Ln-04084/home/196205337,MREIS,1628363,N,Y,43.7324414,-70.5592558
MLS Listing,,Single Family Residential,10 Durham Rd,Freeport,ME,04032,859000,5,3.5,Freeport,3718,100188,1953,9,231,,Active,,,https://www.redfin.com/ME/Freeport/10-Durham-Rd-04032/home/97684098,MREIS,1628358,N,Y,43.8651042,-70.1098851
MLS Listing,,Single Family Residential,5 Harmony Way,Falmouth,ME,04105,1350000,4,2.5,Falmouth,2480,328006,2017,9,544,,Active,,,https://www.redfin.com/ME/Falmouth/5-Harmony-Way-04105/home/110021823,MREIS,1628357,N,Y,43.741141,-70.232635
MLS Listing,,Single Family Residential,64 Ossipee Trl E,Gorham,ME,04038,429000,3,1.5,Gorham,1080,21780,1955,9,397,,Active,,,https://www.redfin.com/ME/Gorham/64-Ossipee-Trl-04038/home/99958892,MREIS,1628344,N,Y,43.6819399,-70.4726591
MLS Listing,,Single Family Residential,20 Robyn Ave,Westbrook,ME,04092,585000,3,1.0,Westbrook,1572,11325,1959,9,372,,Active,July-6-2025 11:00 AM,July-6-2025 01:00 PM,https://www.redfin.com/ME/Westbrook/20-Robyn-Ave-04092/home/97639627,MREIS,1628024,N,Y,43.6819469,-70.3403941
MLS Listing,,Single Family Residential,189 Basin Point Rd,Harpswell,ME,04079,1350000,2,1.0,Harpswell,1284,206910,2020,9,1051,,Active,,,https://www.redfin.com/ME/Harpswell/189-Basin-Point-Rd-04079/home/102153399,MREIS,1628165,N,Y,43.7608665,-70.0283829
MLS Listing,,Single Family Residential,213 Mussey St,South Portland,ME,04106,350000,2,1.0,South Portland,768,6098,1954,9,456,,Active,,,https://www.redfin.com/ME/South-Portland/213-Mussey-St-04106/home/100292045,MREIS,1627854,N,Y,43.6373333,-70.2423043
MLS Listing,,Condo/Co-op,179 Pine St Unit 1B,Portland,ME,04102,399900,1,1.0,Portland,564,,1968,9,709,400,Active,,,https://www.redfin.com/ME/Portland/179-Pine-St-04102/unit-1B/home/85750112,MREIS,1627730,N,Y,43.6497312,-70.2739859
MLS Listing,,Single Family Residential,222 Ludlow St,Portland,ME,04102,825000,3,3.0,Portland,1554,6098,2025,10,531,,Active,,,https://www.redfin.com/ME/Portland/222-Ludlow-St-04102/home/148202949,MREIS,1627620,N,Y,43.6745372,-70.3033831
MLS Listing,,Single Family Residential,12 Evening Pl,Kennebunkport,ME,04046,624900,4,2.0,Kennebunkport,1728,42253,1998,10,362,31,Active,,,https://www.redfin.com/ME/Kennebunkport/12-Evening-Pl-04046/home/100022600,MREIS,1628339,N,Y,43.3705149,-70.4545442
MLS Listing,,Condo/Co-op,15 Deering Ave #3,Portland,ME,04101,515000,2,1.0,Portland,1382,,1900,10,373,300,Active,,,https://www.redfin.com/ME/Portland/15-Deering-Ave-04101/unit-3/home/85742825,MREIS,1628329,N,Y,43.6546759,-70.27247
MLS Listing,,Single Family Residential,620 Post Rd #71,Wells,ME,04090,149000,1,1.0,Wells,429,,2020,10,347,718,Active,,,https://www.redfin.com/ME/Wells/620-Post-Rd-04090/unit-71/home/100047978,MREIS,1628323,N,Y,43.2907957,-70.5936784
MLS Listing,,Single Family Residential,17 Coopers Trl,Arundel,ME,04046,859000,4,2.5,Arundel,2031,127630,2024,10,423,,Active,,,https://www.redfin.com/ME/Arundel/17-Coopers-Trl-04046/home/192229487,MREIS,1628322,N,Y,43.425838,-70.5329702
MLS Listing,,Single Family Residential,27 Arcadia Ln,Waterboro,ME,04061,269900,2,2.0,Lake Arrowhead Community,1352,19602,1997,10,200,106,Active,,,https://www.redfin.com/ME/North-Waterboro/27-Arcadia-Ln-04061/home/100280404,MREIS,1628317,N,Y,43.6411611,-70.720713
MLS Listing,,Single Family Residential,200 Webhannet Dr,Wells,ME,04090,2295000,4,4.0,Wells,2518,9147,1872,10,911,,Active,,,https://www.redfin.com/ME/Wells/200-Webhannet-Dr-04090/home/100048190,MREIS,1628315,N,Y,43.2968161,-70.5689434
MLS Listing,,Single Family Residential,1914 Tatnic Rd,Wells,ME,04090,875000,4,3.0,Wells,2653,455637,2022,10,330,,Active,,,https://www.redfin.com/ME/Wells/1914-Tatnic-Rd-04090/home/178163769,MREIS,1628281,N,Y,43.2741619,-70.681855
MLS Listing,,Condo/Co-op,716 Chandlers Warf #716,Portland,ME,04101,645000,1,1.0,Chandler's Warf,851,,1988,10,758,444,Active,,,https://www.redfin.com/ME/Portland/716-Chandlers-Wharf-04101/unit-716/home/148417057,MREIS,1628278,N,Y,43.6544955,-70.2520117
MLS Listing,,Vacant Land,14 Middle St,York,ME,03909,360000,,,York,,8712,,10,,,Active,,,https://www.redfin.com/ME/York/14-Middle-St-03909/home/109909639,MREIS,1628279,N,Y,43.1693755,-70.5973309
MLS Listing,,Single Family Residential,22 Fox Run Rd,Gray,ME,04039,525000,3,3.0,Ledgewood Farms,1633,41817,2012,10,321,75,Active,,,https://www.redfin.com/ME/Gray/22-Fox-Run-Rd-04039/home/100204292,MREIS,1628280,N,Y,43.8555942,-70.3515073
MLS Listing,,Condo/Co-op,12 Blueberry Cove Rd #12,Yarmouth,ME,04096,795000,3,3.0,Blueberry Cove Condominium,2278,1611720,1986,10,349,700,Active,,,https://www.redfin.com/ME/Yarmouth/12-Blueberry-Cv-04096/unit-12/home/148404064,MREIS,1628265,N,Y,43.798242,-70.1667499
MLS Listing,,Single Family Residential,3 Surf Ave,Biddeford,ME,04005,699000,3,1.0,Hills Beach,960,1742,1950,10,728,,Active,,,https://www.redfin.com/ME/Biddeford/3-Surf-Ave-04005/home/106979656,MREIS,1628271,N,Y,43.4513274,-70.3661391
MLS Listing,,Single Family Residential,44 Ellen Cir,Yarmouth,ME,04096,719900,3,3.0,Yarmouth,2158,12196,1976,10,334,,Active,,,https://www.redfin.com/ME/Yarmouth/44-Ellen-Cir-04096/home/100367756,MREIS,1628269,N,Y,43.808405,-70.1862581
MLS Listing,,Single Family Residential,2 Wharf St,Saco,ME,04072,550000,2,2.5,Saco,1895,6098,1981,10,290,,Active,,,https://www.redfin.com/ME/Saco/2-Wharf-St-04072/home/100326512,MREIS,1628266,N,Y,43.495572,-70.4444733
MLS Listing,,Single Family Residential,155 Scarborough Downs Rd,Scarborough,ME,04074,699000,3,2.5,Scarborough Downs,1624,3049,2021,10,430,181,Active,,,https://www.redfin.com/ME/Scarborough/155-Scarborough-Downs-Rd-04074/home/174072060,MREIS,1628255,N,Y,43.5956666,-70.3541858
MLS Listing,,Single Family Residential,9 Riverside Ave,Saco,ME,04072,1450000,2,2.5,Saco,4184,7840,1996,10,347,,Active,July-6-2025 02:30 PM,July-6-2025 04:30 PM,https://www.redfin.com/ME/Saco/9-Riverside-Ave-04072/home/66703659,MREIS,1628246,N,Y,43.4650283,-70.3827573
MLS Listing,,Single Family Residential,12 Goosefare Dr,Old Orchard Beach,ME,04064,119500,2,1.0,Old Orchard Village,784,435,1993,10,152,703,Active,,,https://www.redfin.com/ME/Old-Orchard-Beach/12-Goosefare-Dr-04064/home/100169890,MREIS,1628245,N,Y,43.5115419,-70.4135869
MLS Listing,,Single Family Residential,2 Far View Cir,Saco,ME,04072,775000,4,2.0,Saco,2389,154638,1983,10,324,17,Active,,,https://www.redfin.com/ME/Saco/2-Far-View-Cir-04072/home/100327248,MREIS,1628235,N,Y,43.5245187,-70.5226136
MLS Listing,,Condo/Co-op,25 Minott St #9,South Portland,ME,04106,279000,2,1.0,Colonial Village Condominiums South Portland,672,,1972,10,415,250,Active,,,https://www.redfin.com/ME/South-Portland/25-Minott-St-04106/unit-9/home/100284711,MREIS,1628232,N,Y,43.6301974,-70.2738619
MLS Listing,,Single Family Residential,132 Drinkwater Point Rd,Yarmouth,ME,04096,1295000,3,3.5,Seaborne of Yarmouth Association,3036,156816,1963,10,427,104,Active,,,https://www.redfin.com/ME/Yarmouth/132-Drinkwater-Point-Rd-04096/home/100366089,MREIS,1628225,N,Y,43.7779769,-70.1585407
MLS Listing,,Single Family Residential,33 Island Ave,Long Island,ME,04050,950000,3,3.0,Long Island,2800,16988,1930,10,339,,Active,,,https://www.redfin.com/ME/Long-Island/33-Island-Ave-04050/home/99929436,MREIS,1628210,N,Y,43.6824791,-70.1692851
MLS Listing,,Single Family Residential,28 Grover's Xing,Freeport,ME,04032,1295000,2,2.5,Grover's Crossing,1632,547984,2018,10,794,38,Active,,,https://www.redfin.com/ME/Freeport/28-Grovers-Xing-04032/home/97682865,MREIS,1628209,N,Y,43.8131452,-70.1373392
MLS Listing,,Single Family Residential,1 Daniels Way,Falmouth,ME,04105,995000,4,2.5,Falmouth,3418,22215,2003,10,291,,Active,,,https://www.redfin.com/ME/Falmouth/1-Daniels-Way-04105/home/100293599,MREIS,1627476,N,Y,43.7131251,-70.2694693
MLS Listing,,Condo/Co-op,170 E Grand Ave #8,Old Orchard Beach,ME,04064,700000,3,2.0,Belle Mer,2053,45302,2005,10,341,400,Active,July-12-2025 12:00 PM,July-12-2025 01:30 PM,https://www.redfin.com/ME/Old-Orchard-Beach/170-E-Grand-Ave-04064/unit-8/home/100169601,MREIS,1628193,N,Y,43.5272216,-70.3651509
MLS Listing,,Single Family Residential,126 Mile Stretch Rd,Biddeford,ME,04005,2950000,4,3.5,Biddeford Pool,2255,34848,2023,10,1308,,Active,,,https://www.redfin.com/ME/Biddeford/126-Mile-Stretch-Rd-04005/home/100261671,MREIS,1628187,N,Y,43.4428115,-70.3524439
MLS Listing,,Single Family Residential,56 Ledgewood Dr,Falmouth,ME,04105,1175000,3,2.5,Falmouth,3088,33541,2017,10,381,21,Active,,,https://www.redfin.com/ME/Falmouth/56-Ledgewood-Dr-04105/home/100296886,MREIS,1628185,N,Y,43.7036888,-70.2694835
MLS Listing,,Single Family Residential,10 Burnell Dr,Yarmouth,ME,04096,875000,5,3.0,Yarmouth,2643,30056,1967,10,331,,Active,,,https://www.redfin.com/ME/Yarmouth/10-Burnell-Dr-04096/home/100367250,MREIS,1628184,N,Y,43.8135202,-70.1812341
MLS Listing,,Single Family Residential,22 Channel Cove Ln,Biddeford,ME,04005,2350000,3,2.5,Channel Cove,4957,33105,2005,10,474,125,Active,,,https://www.redfin.com/ME/Biddeford/22-Channel-Cove-Ln-04005/home/100260124,MREIS,1627330,N,Y,43.4452244,-70.3731177
MLS Listing,,Condo/Co-op,8 Kavanaugh Rd #8,Old Orchard Beach,ME,04064,530000,2,2.0,Cider Hill,1498,2439360,2004,11,354,400,Active,,,https://www.redfin.com/ME/Old-Orchard-Beach/8-Kavanaugh-Rd-04064/unit-8/home/196188798,MREIS,1628179,N,Y,43.5166118,-70.3987117
MLS Listing,,Condo/Co-op,459 Allen Ave #5,Portland,ME,04103,419000,2,1.5,Portland,1052,435,1986,11,398,250,Active,,,https://www.redfin.com/ME/Portland/459-Allen-Ave-04103/unit-5/home/85740753,MREIS,1628172,N,Y,43.7006441,-70.2830158
MLS Listing,,Single Family Residential,96 Holm Ave,Portland,ME,04102,399000,2,2.0,Portland,1360,5662,1956,11,293,,Active,,,https://www.redfin.com/ME/Portland/96-Holm-Ave-04102/home/59024704,MREIS,1628164,N,Y,43.6786315,-70.3231688
MLS Listing,,Condo/Co-op,106 Cumberland Ave #201,Portland,ME,04101,715000,2,2.0,Cumberland Square Condominiums,1170,1742,1902,11,611,450,Active,,,https://www.redfin.com/ME/Portland/106-Cumberland-Ave-04101/unit-201/home/195435704,MREIS,1628163,N,Y,43.6640927,-70.2510002
MLS Listing,,Single Family Residential,13 Ocean St,South Portland,ME,04106,875000,4,3.0,Knightville,7458,4791,1900,11,117,,Active,,,https://www.redfin.com/ME/South-Portland/13-Ocean-St-04106/home/146274875,MREIS,1628159,N,Y,43.641166,-70.2551084
MLS Listing,,Condo/Co-op,110 Spinnaker Ridge Dr #29,Wells,ME,04090,725000,3,3.0,Wells,2042,26571,2003,11,355,350,Active,,,https://www.redfin.com/ME/Wells/110-Spinnaker-Ridge-Dr-04090/unit-29/home/100051989,MREIS,1628158,N,Y,43.2753672,-70.6044754
MLS Listing,,Condo/Co-op,20 Odessa Ave #2,Old Orchard Beach,ME,04064,299000,2,1.5,Concord Condominium Association,950,14810,1987,11,315,200,Active,,,https://www.redfin.com/ME/Old-Orchard-Beach/20-Odessa-Ave-04064/unit-2/home/100168747,MREIS,1628157,N,Y,43.5071341,-70.3834751
MLS Listing,,Condo/Co-op,4 Blaine St Unit N/A,Saco,ME,04072,549000,3,2.5,Eastern Landing,1630,104544,2025,11,337,140,Active,,,https://www.redfin.com/ME/Saco/4-Blaine-Rd-04072/unit-N-A/home/196187882,MREIS,1628148,N,Y,43.498646,-70.3855203
MLS Listing,,Single Family Residential,3 Island View Ave,Saco,ME,04072,615000,2,1.0,Saco,670,4356,1971,11,918,,Active,,,https://www.redfin.com/ME/Saco/3-Island-View-Ave-04072/home/107076564,MREIS,1628143,N,Y,43.470329,-70.3856243
MLS Listing,,Single Family Residential,46 Nicklaus Ln,Westbrook,ME,04092,675000,3,2.5,Westbrook,1809,7840,2025,11,373,,Active,,,https://www.redfin.com/ME/Westbrook/46-Nicklaus-Ln-04092/home/196187504,MREIS,1628136,N,Y,43.685949,-70.376723
MLS Listing,,Condo/Co-op,345 Saco St #40,Westbrook,ME,04092,350000,2,1.5,Stroudwater Heights Condominium Association,1056,,2005,11,331,450,Active,,,https://www.redfin.com/ME/Westbrook/345-Saco-St-04092/unit-40/home/97639338,MREIS,1628132,N,Y,43.6677043,-70.3760283
MLS Listing,,Single Family Residential,53 Beach Ave,Kennebunk,ME,04043,1699000,3,3.5,Kennebunk,2334,2613,1953,11,728,,Active,,,https://www.redfin.com/ME/Kennebunk/53-Beach-Ave-04043/home/100001031,MREIS,1628130,N,Y,43.3525865,-70.4795158
MLS Listing,,Single Family Residential,741 US Route 1,Scarborough,ME,04074,499000,3,1.0,Scarborough,1278,43560,1930,11,390,,Active,,,https://www.redfin.com/ME/Scarborough/741-US-Route-1-04074/home/100315262,MREIS,1628125,N,Y,43.5603367,-70.4004773
MLS Listing,,Single Family Residential,251 E Bridge St,Westbrook,ME,04092,455000,3,1.0,Westbrook,1158,10018,1969,11,393,,Active,,,https://www.redfin.com/ME/Westbrook/251-E-Bridge-St-04092/home/97641394,MREIS,1628123,N,Y,43.6953406,-70.3472821
MLS Listing,,Single Family Residential,42 Winn Rd,Falmouth,ME,04105,610000,3,1.5,Falmouth,1554,202118,1900,11,393,,Active,,,https://www.redfin.com/ME/Falmouth/42-Winn-Rd-04105/home/100295706,MREIS,1628124,N,Y,43.7508629,-70.2916295
MLS Listing,,Single Family Residential,86 Allison Ave,Portland,ME,04103,629000,3,2.5,Portland,1550,10890,1987,11,406,,Active,,,https://www.redfin.com/ME/Portland/86-Allison-Ave-04103/home/85751497,MREIS,1628116,N,Y,43.7141545,-70.3024407
MLS Listing,,Condo/Co-op,8 Bedrock Dr #8,Sanford,ME,04073,409900,4,2.0,Rock Pond Estates,1600,,2024,11,256,250,Active,,,https://www.redfin.com/ME/Sanford/8-Bedrock-Dr-04073/unit-8/home/195615054,MREIS,1628113,N,Y,43.411542,-70.73397
MLS Listing,,Single Family Residential,3 Tidewater Cv,Falmouth,ME,04105,1750000,3,3.0,Falmouth,2505,21344,1973,11,699,,Active,,,https://www.redfin.com/ME/Falmouth/3-Tidewater-Cv-04105/home/100294249,MREIS,1628112,N,Y,43.6994633,-70.244702
MLS Listing,,Single Family Residential,298 Ocean Ave,Kennebunkport,ME,04046,2195000,3,2.5,Kennebunkport,3598,41817,1989,11,610,,Active,,,https://www.redfin.com/ME/Kennebunkport/298-Ocean-Ave-04046/home/100021054,MREIS,1628106,N,Y,43.3514818,-70.4520467
MLS Listing,,Condo/Co-op,8 Rock Pond Rd #8,Sanford,ME,04073,439900,4,3.0,Rock Pond Estates,2400,,2024,11,183,250,Active,,,https://www.redfin.com/ME/Sanford/8-Rock-Pond-Rd-04073/unit-8/home/196186805,MREIS,1628105,N,Y,43.410925,-70.732738
MLS Listing,,Single Family Residential,297 Long Beach Ave,York,ME,03909,1150000,5,2.5,York,3144,5227,1875,11,366,,Active,,,https://www.redfin.com/ME/York/297-Long-Beach-Ave-03909/home/106808508,MREIS,1628100,N,Y,43.1564279,-70.6230256
MLS Listing,,Single Family Residential,25-27 Common St,Saco,ME,04072,400000,2,1.5,Saco,1037,2613,1867,11,386,,Active,,,https://www.redfin.com/ME/Saco/25-27-Common-St-04072/home/196186744,MREIS,1628098,N,Y,43.4963521,-70.4453392
MLS Listing,,Vacant Land,TBD Anglers Dr,Cumberland,ME,04021,550000,,,Cumberland,,420789,,11,,,Active,,,https://www.redfin.com/ME/Cumberland/TBD-Anglers-Dr-04021/home/196186471,MREIS,1628089,N,Y,43.79608,-70.294461
MLS Listing,,Condo/Co-op,7 Coastal Woods Dr #102,Kennebunk,ME,04043,559000,3,2.5,Kennebunk,2097,,2018,11,267,275,Active,,,https://www.redfin.com/ME/Kennebunk/7-Coastal-Wood-Dr-04043/unit-102/home/146276367,MREIS,1628086,N,Y,43.4026499,-70.5309604
MLS Listing,,Single Family Residential,30 Pine St,Freeport,ME,04032,949000,4,3.0,Freeport,2779,50094,1890,11,341,,Active,,,https://www.redfin.com/ME/Freeport/30-Pine-St-04032/home/97682203,MREIS,1628079,N,Y,43.8359269,-70.115959
MLS Listing,,Single Family Residential,90 Ross Rd,Old Orchard Beach,ME,04064,729995,3,3.5,Old Orchard Beach,2712,49222,1980,11,269,,Active,,,https://www.redfin.com/ME/Old-Orchard-Beach/90-Ross-Rd-04064/home/106868586,MREIS,1628081,N,Y,43.530175,-70.3995446
MLS Listing,,Condo/Co-op,236 North St #6,Saco,ME,04072,519000,3,2.5,Winfield Commons Homeowners Assoc.,1832,8276,2016,11,283,355,Active,,,https://www.redfin.com/ME/Saco/236-North-St-04072/unit-6/home/102794543,MREIS,1628075,N,Y,43.5094437,-70.4500113
MLS Listing,,Single Family Residential,33 Center St,Yarmouth,ME,04096,1195000,4,2.0,Yarmouth,2477,14374,1780,11,482,,Active,,,https://www.redfin.com/ME/Yarmouth/33-Center-St-04096/home/100365575,MREIS,1628066,N,Y,43.8021164,-70.1935577
MLS Listing,,Vacant Land,Lot 11 Dagmar Dr,Wells,ME,04090,395000,,,River Landing Homeowners Association,,53143,,11,,250,Active,,,https://www.redfin.com/ME/Wells/Lot-11-Dagmar-Dr-04090/home/196185448,MREIS,1628063,N,Y,43.269099,-70.617364
MLS Listing,,Vacant Land,Lot 9 Dagmar Dr,Wells,ME,04090,475000,,,River Landing Homeowners Association,,79714,,11,,250,Active,,,https://www.redfin.com/ME/Wells/Lot-9-Dagmar-Dr-04090/home/196185366,MREIS,1628061,N,Y,43.26838,-70.616849
MLS Listing,,Multi-Family (2-4 Unit),119 Fogg Rd,Scarborough,ME,04074,675000,4,2.0,Scarborough,2124,70131,1920,11,318,,Active,,,https://www.redfin.com/ME/Scarborough/119-Fogg-Rd-04074/home/100317154,MREIS,1628058,N,Y,43.5801141,-70.2990668
MLS Listing,,Condo/Co-op,757 Main St #15,South Portland,ME,04106,315000,3,2.0,South Portland,1308,,1972,11,241,350,Active,,,https://www.redfin.com/ME/South-Portland/757-Main-St-04106/unit-15/home/100283946,MREIS,1628057,N,Y,43.6186545,-70.3104352
MLS Listing,,Vacant Land,Lot 6 Dagmar Dr,Wells,ME,04090,375000,,,River Landing Homeowners Association,,27007,,11,,250,Active,,,https://www.redfin.com/ME/Wells/Lot-6-Dagmar-Dr-04090/home/196185297,MREIS,1628056,N,Y,43.269834,-70.616613
MLS Listing,,Condo/Co-op,12 Black Sparrow Dr #12,Portland,ME,04102,789000,3,2.5,Stroudwater Preserve,2150,11325,2020,11,367,313,Active,,,https://www.redfin.com/ME/Portland/12-Black-Sparrow-Dr-04102/unit-12/home/196185214,MREIS,1628048,N,Y,43.661245,-70.321417
MLS Listing,,Single Family Residential,12 Black Sparrow Dr,Portland,ME,04102,789000,3,2.5,Stroudwater Preserve,2150,11325,2020,11,367,313,Active,,,https://www.redfin.com/ME/Portland/12-Black-Sparrow-Dr-04102/home/169508904,MREIS,1628047,N,Y,43.661245,-70.321417
MLS Listing,,Single Family Residential,164 State St,Gorham,ME,04038,574900,3,1.5,Gorham,2022,20473,2015,11,284,,Active,,,https://www.redfin.com/ME/Gorham/164-State-St-04038/home/99963119,MREIS,1628038,N,Y,43.6789584,-70.4531054
MLS Listing,,Single Family Residential,56 Sam Allen Rd,Sanford,ME,04073,419900,3,1.0,Sanford,960,32670,1977,11,437,,Active,,,https://www.redfin.com/ME/Sanford/56-Sam-Allen-Rd-04073/home/106898121,MREIS,1628037,N,Y,43.3812462,-70.6924857
MLS Listing,,Single Family Residential,54 Vannah Ave,Portland,ME,04103,595000,4,1.0,Portland,1242,5227,1945,11,479,,Active,,,https://www.redfin.com/ME/Portland/54-Vannah-Ave-04103/home/85751662,MREIS,1628036,N,Y,43.6717569,-70.2821145
MLS Listing,,Single Family Residential,295 Buxton Rd,Saco,ME,04072,599999,1,1.0,Saco,778,399009,1942,11,771,,Active,,,https://www.redfin.com/ME/Saco/295-Buxton-Rd-04072/home/93998950,MREIS,1628034,N,Y,43.555833,-70.493197
MLS Listing,,Single Family Residential,1 Chestnut Ave,Windham,ME,04062,450000,3,1.0,Windham,1314,15246,1971,11,342,,Active,,,https://www.redfin.com/ME/Windham/1-Chestnut-Ave-04062/home/97629198,MREIS,1628030,N,Y,43.8379498,-70.412506
MLS Listing,,Single Family Residential,271 West Shore Rd,Waterboro,ME,04030,879000,3,3.0,Waterboro,1350,3920,2003,11,651,,Active,,,https://www.redfin.com/ME/East-Waterboro/271-W-Shore-Rd-04030/home/100277237,MREIS,1628028,N,Y,43.6131222,-70.7101588
MLS Listing,,Condo/Co-op,3 Ruch Ln #3,York,ME,03909,729000,3,2.0,SPRING POND ESTATES 55+ Active Adult,1856,1742,1999,11,393,300,Active,,,https://www.redfin.com/ME/York/3-Ruch-Ln-03909/unit-3/home/196120880,MREIS,1627038,N,Y,43.1641277,-70.6303447
MLS Listing,,Condo/Co-op,20 Upper Falls Rd #403,Biddeford,ME,04005,539000,2,1.0,Landing on the Levee,941,,2025,11,573,285,Active,,,https://www.redfin.com/ME/Biddeford/20-Upper-Falls-Rd-04005/unit-403/home/196184775,MREIS,1628027,N,Y,43.4971439,-70.453317
MLS Listing,,Single Family Residential,187 Pequawket Trl,Baldwin,ME,04024,420000,4,2.0,Baldwin,1988,34848,1940,11,211,,Active,,,https://www.redfin.com/ME/East-Baldwin/187-Pequawket-Trl-04024/home/87576435,MREIS,1627999,N,Y,43.8032249,-70.6781533
MLS Listing,,Condo/Co-op,22 Pier Rd Unit B2,Kennebunkport,ME,04046,425000,2,1.0,Kennebunkport,775,10890,1970,11,548,250,Active,,,https://www.redfin.com/ME/Kennebunkport/22-Pier-Rd-04046/unit-B2/home/196131421,MREIS,1627295,N,Y,43.373082,-70.4352342
MLS Listing,,Condo/Co-op,22 Pier Rd Unit B1,Kennebunkport,ME,04046,425000,2,1.0,Kennebunkport,775,10890,1970,11,548,250,Active,,,https://www.redfin.com/ME/Kennebunkport/22-Pier-Rd-04046/unit-B1/home/196131422,MREIS,1627296,N,Y,43.373082,-70.4352342
MLS Listing,,Single Family Residential,17 Clifford Ln,Wells,ME,04090,839999,2,1.5,Wells,1233,3049,1951,11,681,,Active,,,https://www.redfin.com/ME/Wells/17-Clifford-Ln-04090/home/100048638,MREIS,1627878,N,Y,43.2859591,-70.573589
MLS Listing,,Single Family Residential,17 White Cap Ln,Wells,ME,04090,2495000,6,6.0,Wells,3401,5662,1979,11,734,,Active,,,https://www.redfin.com/ME/Wells/17-White-Cap-Ln-04090/home/79095958,MREIS,1627470,N,Y,43.2684787,-70.5872413
MLS Listing,,Single Family Residential,15 Graystone Rd,Gray,ME,04039,595000,3,3.0,Graystone Settlements II,2062,40075,2000,12,289,,Active,,,https://www.redfin.com/ME/Gray/15-Graystone-Rd-04039/home/100205872,MREIS,1627994,N,Y,43.8393153,-70.3365039
MLS Listing,,Single Family Residential,89 Nicholas Dr,Wells,ME,04090,399900,3,2.0,Wells,1735,43560,1969,12,230,,Active,,,https://www.redfin.com/ME/Wells/89-Nicholas-Dr-04090/home/100052884,MREIS,1627988,N,Y,43.3409554,-70.56987
MLS Listing,,Single Family Residential,22 Tucker Rd,Limington,ME,04049,499000,3,2.0,Limington,1620,130680,2022,12,308,,Active,,,https://www.redfin.com/ME/Limington/22-Tucker-Rd-04049/home/188566800,MREIS,1627976,N,Y,43.7848726,-70.7018294
MLS Listing,,Condo/Co-op,60 Gary L Maietta Pkwy #10,South Portland,ME,04106,459000,3,2.5,Parkway Pines Condominiums,1544,,2004,12,297,325,Active,,,https://www.redfin.com/ME/South-Portland/60-Gary-L-Maietta-Pkwy-04106/unit-10/home/100285449,MREIS,1627958,N,Y,43.6059474,-70.2880197
MLS Listing,,Single Family Residential,979 River Rd,Hollis,ME,04042,485000,2,1.0,Hollis,1578,12196,1870,12,307,,Active,,,https://www.redfin.com/ME/Hollis-Center/979-River-Rd-04042/home/97650654,MREIS,1627957,N,Y,43.664325,-70.6052068
MLS Listing,,Single Family Residential,15 Myrtle Ave,South Portland,ME,04106,2250000,4,2.0,South Portland,1540,13068,1920,12,1461,,Active,,,https://www.redfin.com/ME/South-Portland/15-Myrtle-Ave-04106/home/100288282,MREIS,1627939,N,Y,43.6437179,-70.2281064
MLS Listing,,Vacant Land,16-2 Wilson Rd,Gorham,ME,04038,185000,,,Gorham,,139392,,12,,,Active,,,https://www.redfin.com/ME/Gorham/16-Wilson-Rd-04038/home/99960510,MREIS,1627920,N,Y,43.7565931,-70.4699069
MLS Listing,,Condo/Co-op,187 Falcon Crest Dr #30,Gorham,ME,04038,554900,3,2.5,Winding Ridge Condominium Association,1762,705672,2025,12,315,300,Active,,,https://www.redfin.com/ME/Gorham/187-Falcon-Crest-Dr-04038/unit-30/home/196178612,MREIS,1627917,N,Y,43.6916193,-70.4418793
MLS Listing,,Condo/Co-op,387 Commercial St #527,Portland,ME,04101,1900000,2,2.0,Hobsons Landing,1601,,2024,12,1187,620,Active,,,https://www.redfin.com/ME/Portland/387-Commercial-St-04101/unit-527/home/176674413,MREIS,1627914,N,Y,43.6509369,-70.2574383
MLS Listing,,Condo/Co-op,2090 Post Rd Unit 4B,Wells,ME,04090,154900,1,1.0,Lighthouse Condominiums,272,3920,1975,12,569,235,Active,,,https://www.redfin.com/ME/Wells/2090-Post-Rd-04090/unit-4B/home/100049558,MREIS,1627911,N,Y,43.3375452,-70.5683502
MLS Listing,,Condo/Co-op,88 Union Ave #202,Old Orchard Beach,ME,04064,497000,2,2.0,Old Orchard Beach,1033,5662,2021,12,481,200,Active,July-6-2025 12:30 PM,July-6-2025 03:00 PM,https://www.redfin.com/ME/Old-Orchard-Beach/88-Union-Ave-04064/unit-202/home/180784315,MREIS,1627906,N,Y,43.5112082,-70.3863542
MLS Listing,,Single Family Residential,47 Nob Hill Rd,Limerick,ME,04048,349000,3,2.0,Lake Arrowhead Community,1650,41817,2000,12,212,106,Active,,,https://www.redfin.com/ME/Limerick/47-Nob-Hill-Rd-04048/home/100029277,MREIS,1627899,N,Y,43.6739302,-70.7436467
MLS Listing,,Single Family Residential,3 Marr Farm Way,Scarborough,ME,04074,875000,4,2.5,Scarborough,2880,101494,2002,12,304,69,Active,,,https://www.redfin.com/ME/Scarborough/3-Marr-Farm-Way-04074/home/100316375,MREIS,1627897,N,Y,43.6340026,-70.3910327
MLS Listing,,Condo/Co-op,11 Farmhouse Way #11,Ogunquit,ME,03907,795000,2,1.0,Farmhouse Way Condo Association,812,,1940,12,979,83,Active,,,https://www.redfin.com/ME/Ogunquit/11-Farm-House-Way-03907/unit-11/home/148404593,MREIS,1627895,N,Y,43.234985,-70.5912861
MLS Listing,,Condo/Co-op,188 Falcon Crest Dr #58,Gorham,ME,04038,580400,3,2.5,Winding Ridge,2005,705672,2025,12,289,300,Active,,,https://www.redfin.com/ME/Gorham/188-Falcon-Crest-Dr-04038/unit-58/home/196177753,MREIS,1627890,N,Y,43.6918789,-70.4416984
MLS Listing,,Single Family Residential,1522 Richville Rd,Standish,ME,04084,585000,3,1.0,Standish,1786,13068,1950,12,328,,Active,,,https://www.redfin.com/ME/Standish/1522-Richville-Rd-04084/home/99976379,MREIS,1627876,N,Y,43.8388422,-70.6160528
MLS Listing,,Single Family Residential,61 Poplar Park Dr,Wells,ME,04090,249900,2,2.0,Lord's Mobile Home Park,938,,1994,12,266,360,Active,,,https://www.redfin.com/ME/Wells/61-Poplar-Park-Dr-04090/home/100046794,MREIS,1627875,N,Y,43.3147172,-70.5867652
MLS Listing,,Condo/Co-op,20 Jones Creek Dr Unit B,Scarborough,ME,04074,549000,1,1.0,Scarborough,520,8712,1900,12,1056,30,Active,,,https://www.redfin.com/ME/Scarborough/20-Jones-Creek-Dr-04074/unit-B/home/100315980,MREIS,1627871,N,Y,43.5420955,-70.3428444
MLS Listing,,Condo/Co-op,1 Cortland Pl #7,Standish,ME,04084,525000,3,2.5,Standish,1685,130680,2025,12,312,150,Active,,,https://www.redfin.com/ME/Sebago-Lake/1-Cortland-PL-04084/unit-7/home/192518620,MREIS,1627867,N,Y,43.732023,-70.560043
MLS Listing,,Single Family Residential,194 Margaret St,South Portland,ME,04106,525000,3,2.0,South Portland,1267,4791,1942,12,414,,Active,,,https://www.redfin.com/ME/South-Portland/194-Margaret-St-04106/home/100285841,MREIS,1626500,N,Y,43.637292,-70.2429158
MLS Listing,,Single Family Residential,61 Sawyer Rd,Chebeague Island,ME,04017,2450000,7,4.5,Chebeague Island,4677,77101,1800,12,524,,Active,,,https://www.redfin.com/ME/Chebeague-Island/61-Sawyer-Rd-04017/home/160451916,MREIS,1627110,N,Y,43.7258676,-70.1380755
MLS Listing,,Vacant Land,28 Prospect Ave,York,ME,03909,950000,,,York,,20473,,12,,,Active,,,https://www.redfin.com/ME/York/28-Prospect-Ave-03909/home/109907469,MREIS,1627847,N,Y,43.1696552,-70.5985356
MLS Listing,,Condo/Co-op,8 Overlook Dr #8,Old Orchard Beach,ME,04074,775000,2,2.5,Old Orchard Beach,1264,116740,2024,12,613,450,Active,,,https://www.redfin.com/ME/Old-Orchard-Beach/8-Overlook-DR-04074/unit-8/home/196176580,MREIS,1627837,N,Y,43.53589,-70.355602
MLS Listing,,Single Family Residential,21 Richville Rd,Standish,ME,04084,450000,3,1.0,Standish,1528,13068,1971,12,295,,Active,July-6-2025 12:00 PM,July-6-2025 02:00 PM,https://www.redfin.com/ME/Standish/21-Richville-Rd-04084/home/99976629,MREIS,1627828,N,Y,43.7620446,-70.5271915
MLS Listing,,Single Family Residential,96 Fortunes Rocks Rd,Biddeford,ME,04005,2300000,4,2.0,Biddeford,1828,27442,1974,13,1258,,Active,,,https://www.redfin.com/ME/Biddeford/96-Fortunes-Rocks-Rd-04005/home/100260433,PrimeMLS,5048099,N,Y,43.425732,-70.3778883
MLS Listing,,Condo/Co-op,60 Mile Rd #57,Wells,ME,04090,299900,2,2.0,Misty Harbor,804,3484,1986,13,373,348,Active,,,https://www.redfin.com/ME/Wells/60-Mile-Rd-04090/unit-57/home/100048548,MREIS,1627801,N,Y,43.3044948,-70.5827799
MLS Listing,,Single Family Residential,150 Chapel Rd #118,Wells,ME,04090,79900,2,1.0,Wells,1000,,2005,13,80,1367,Active,,,https://www.redfin.com/ME/Wells/150-Chapel-Rd-04090/unit-118/home/100048483,MREIS,1627798,N,Y,43.3110137,-70.5898423
MLS Listing,,Single Family Residential,23 Peabbles Cove Rd,Cape Elizabeth,ME,04107,3495000,4,3.0,Peables Cove,3694,87555,2021,13,946,,Active,,,https://www.redfin.com/ME/Cape-Elizabeth/23-Peabbles-Cove-Rd-04107/home/97687612,MREIS,1627780,N,Y,43.5853899,-70.213582
MLS Listing,,Vacant Land,Lot#8C North Rd,Chebeague Island,ME,04017,595000,,,Chebeague Island,,287496,,13,,,Active,,,https://www.redfin.com/ME/Chebeague-Island/Lot8C-North-Rd-04017/home/191979070,MREIS,1627774,N,Y,43.731106,-70.134246
MLS Listing,,Single Family Residential,84 Sanford Rd #15,Alfred,ME,04002,150000,2,2.0,Alfred,840,,2020,13,179,439,Active,,,https://www.redfin.com/ME/Alfred/84-Sanford-Rd-04002/unit-15/home/97704379,MREIS,1627760,N,Y,43.4684453,-70.7267109
MLS Listing,,Vacant Land,Lot 5 Dagmar Dr,Wells,ME,04090,365000,,,River Landing Homeowners Association,,27007,,13,,250,Active,,,https://www.redfin.com/ME/Wells/Lot-5-Dagmar-Dr-04090/home/196165156,MREIS,1627756,N,Y,43.270052,-70.616827
MLS Listing,,Vacant Land,Lot 4 Dagmar Dr,Wells,ME,04090,325000,,,River Landing Homeowners Association,,27442,,13,,250,Active,,,https://www.redfin.com/ME/Wells/Lot-4-Dagmar-Dr-04090/home/196164733,MREIS,1627752,N,Y,43.270052,-70.616827
MLS Listing,,Vacant Land,Lot 3 Dagmar Dr,Wells,ME,04090,275000,,,River Landing Homeowners Association,,27878,,13,,250,Active,,,https://www.redfin.com/ME/Wells/Lot-3-Dagmar-Dr-04090/home/196164596,MREIS,1627746,N,Y,43.270349,-70.6179
MLS Listing,,Vacant Land,Lot 2 Dagmar Dr,Wells,ME,04090,325000,,,River Landing Homeowners Association,,35283,,13,,250,Active,,,https://www.redfin.com/ME/Wells/Lot-2-Dagmar-DR-04090/home/192406227,MREIS,1627741,N,Y,43.27077,-70.61702
MLS Listing,,Vacant Land,Lot 1 Dagmar Dr,Wells,ME,04090,275000,,,River Landing Homeowners Association,,24829,,13,,250,Active,,,https://www.redfin.com/ME/Wells/Lot-1-Dagmar-Dr-04090/home/196164468,MREIS,1627742,N,Y,43.271005,-70.617578
MLS Listing,,Single Family Residential,163 Rear Wildes District Rd,Kennebunkport,ME,04046,1850000,3,1.5,Kennebunkport,1767,40946,1960,13,1047,,Active,,,https://www.redfin.com/ME/Kennebunkport/163-Wildes-District-Rd-04046/home/185311202,MREIS,1627711,N,Y,43.3697067,-70.4432451
MLS Listing,,Condo/Co-op,454 Post Rd #342,Wells,ME,04090,369000,2,1.0,Summer Village,754,9583,2006,13,489,460,Active,,,https://www.redfin.com/ME/Wells/454-Post-Rd-04090/unit-342/home/96641376,MREIS,1627623,N,Y,43.2883343,-70.6118993
MLS Listing,,Single Family Residential,2196 Sanford Rd #40,Wells,ME,04090,165000,2,1.5,Wells,980,,1990,14,168,410,Active,,,https://www.redfin.com/ME/Wells/2196-Sanford-Rd-04090/unit-40/home/100046168,MREIS,1626116,N,Y,43.3583678,-70.6624631
MLS Listing,,Condo/Co-op,1 Ephraim Tyler Way #1,Kennebunk,ME,04043,685000,2,2.5,Grant Farm Condo Association,1906,43560,1988,14,359,700,Active,,,https://www.redfin.com/ME/Kennebunk/1-Ephraim-Tyler-Way-04043/unit-1/home/180067513,MREIS,1627694,N,Y,43.3562328,-70.5011265
MLS Listing,,Single Family Residential,168 Ocean Ave,Wells,ME,04090,2150000,4,2.0,Wells,1898,8276,1959,14,1133,,Active,,,https://www.redfin.com/ME/Wells/168-Ocean-Ave-04090/home/100054333,MREIS,1627692,N,Y,43.273155,-70.5846003
MLS Listing,,Condo/Co-op,1 Cross St #212,Scarborough,ME,04074,550000,2,2.0,Scarborough,949,128502,2025,14,580,585,Active,,,https://www.redfin.com/ME/Scarborough/1-Cross-St-04074/unit-212/home/196162143,MREIS,1627687,N,Y,43.5994642,-70.3555813
MLS Listing,,Single Family Residential,23 E Grand Ave,Scarborough,ME,04074,1397777,4,2.0,Scarborough,2329,10018,1928,14,600,,Active,,,https://www.redfin.com/ME/Scarborough/23-E-Grand-Ave-04074/home/100313133,MREIS,1626936,N,Y,43.5403425,-70.346991
MLS Listing,,Single Family Residential,39 Main Ave,Saco,ME,04072,1200000,2,1.0,Saco,702,14810,1981,15,1709,,Active,July-6-2025 11:59 AM,July-6-2025 02:00 PM,https://www.redfin.com/ME/Saco/39-Main-Ave-04072/home/107068924,MREIS,1627665,N,Y,43.4654244,-70.3821023
MLS Listing,,Single Family Residential,568 Alewive Rd,Kennebunk,ME,04043,1575000,5,4.0,Kennebunk,4159,515750,1998,15,379,,Active,,,https://www.redfin.com/ME/Kennebunk/568-Alewive-Rd-04043/home/100003409,MREIS,1627661,N,Y,43.4344073,-70.5783859
MLS Listing,,Vacant Land,9-11 Bismark St,Portland,ME,04103,199000,,,East Deering,,3920,,15,,,Active,,,https://www.redfin.com/ME/Portland/9-Bismark-St-04103/home/144561842,MREIS,1627647,N,Y,43.6875027,-70.2516944
MLS Listing,,Condo/Co-op,50 Ocean Park Rd #102,Saco,ME,04072,509900,3,2.0,Saco,1503,54450,2024,15,339,208,Active,,,https://www.redfin.com/ME/Saco/50-Ocean-Park-Rd-04072/unit-102/home/195511289,MREIS,1627644,N,Y,43.5086184,-70.4248445
MLS Listing,,Single Family Residential,86 Sandy Cove Rd,Standish,ME,04084,398000,2,1.0,Standish,828,4356,1950,15,481,33,Active,,,https://www.redfin.com/ME/Standish/86-Sandy-Cove-Rd-04084/home/79094279,MREIS,1627635,N,Y,43.8252739,-70.5797258
MLS Listing,,Single Family Residential,55 Russell Dr,Buxton,ME,04093,600000,3,2.5,Fernwood Acres,2646,60112,2018,15,227,,Active,,,https://www.redfin.com/ME/Buxton/55-Russell-Dr-04093/home/144595562,MREIS,1627430,N,Y,43.6646935,-70.5916391
MLS Listing,,Single Family Residential,34 Captain's Way,Buxton,ME,04093,615000,3,1.5,Buxton,2600,53143,2007,15,237,,Active,,,https://www.redfin.com/ME/Buxton/34-Captains-Way-04093/home/99952676,MREIS,1626719,N,Y,43.673965,-70.505748
MLS Listing,,Single Family Residential,80 Woodland Rd,Windham,ME,04062,660000,3,2.0,Anglers Road,2118,117612,1990,15,312,13,Active,,,https://www.redfin.com/ME/Windham/80-Woodland-Rd-04062/home/97627338,MREIS,1626930,N,Y,43.85954,-70.4422452
MLS Listing,,Single Family Residential,27 Carriage Hl,North Yarmouth,ME,04097,1250000,4,2.5,Carriage Hill Homeowners Association,3225,62726,2025,16,388,67,Active,,,https://www.redfin.com/ME/North-Yarmouth/27-Carriage-Hl-04097/home/196152042,MREIS,1627618,N,Y,43.8420765,-70.267043
MLS Listing,,Condo/Co-op,126 Flintlock Vlg #3,Wells,ME,04090,500000,4,2.0,Wells,1544,23086,1983,16,324,380,Active,,,https://www.redfin.com/ME/Wells/126-Flintlock-Vlg-04090/unit-3/home/100052090,PrimeMLS,5047810,N,Y,43.3169382,-70.5897119
MLS Listing,,Single Family Residential,27 Ocean Park Rd #210,Old Orchard Beach,ME,04064,64500,1,1.0,Old Orchard Beach Campground,676,,2003,16,95,641,Active,,,https://www.redfin.com/ME/Old-Orchard-Beach/27-Ocean-Park-Rd-04064/unit-210/home/196151545,MREIS,1627617,N,Y,43.5073016,-70.4137955
MLS Listing,,Single Family Residential,511 Webhannet Dr,Wells,ME,04090,2400000,4,2.0,Wells,2398,16552,1904,16,1001,,Active,,,https://www.redfin.com/ME/Wells/511-Webhannet-Dr-04090/home/100047530,MREIS,1627610,N,Y,43.2871361,-70.5721133
MLS Listing,,Single Family Residential,8 Freedom Ave,Westbrook,ME,04092,499000,3,2.5,Westbrook,1444,17859,2025,16,346,50,Active,,,https://www.redfin.com/ME/Westbrook/8-Freedom-AVE-04092/home/196148559,MREIS,1627582,N,Y,43.673242,-70.379353
MLS Listing,,Single Family Residential,9 Broad Reach Rd,Chebeague Island,ME,04017,1165000,3,2.0,Chebeague Island,1723,105415,1980,16,676,,Active,,,https://www.redfin.com/ME/Chebeague-Island/9-Broad-Reach-Rd-04017/home/166631183,MREIS,1627578,N,Y,43.7452987,-70.1260543
MLS Listing,,Single Family Residential,80 Basken Shores Rd,Waterboro,ME,04061,269900,2,1.0,Eastern Shores Association,864,15681,1967,16,312,27,Active,,,https://www.redfin.com/ME/North-Waterboro/80-Basken-Shrs-04061/home/100280767,MREIS,1627576,N,Y,43.6366931,-70.7298074
MLS Listing,,Single Family Residential,4 Fairbourne Ln,York,ME,03902,1225000,4,3.0,York,2382,38332,1900,16,514,,Active,,,https://www.redfin.com/ME/Cape-Neddick/4-Fairbourne-Ln-03902/home/100130960,PrimeMLS,5047772,N,Y,43.2170525,-70.5822713
MLS Listing,,Condo/Co-op,32 State St #5,Portland,ME,04101,569500,3,1.0,Casco View,1260,,1910,16,452,420,Active,,,https://www.redfin.com/ME/Portland/32-State-St-04101/unit-5/home/181075694,MREIS,1627557,N,Y,43.6493361,-70.2605184
MLS Listing,,Single Family Residential,59 Underwood Rd,Falmouth,ME,04105,1799000,3,2.5,Falmouth,2500,12196,2016,16,720,,Active,,,https://www.redfin.com/ME/Falmouth/59-Underwood-Rd-04105/home/100296516,MREIS,1627550,N,Y,43.7397884,-70.2076535
MLS Listing,,Vacant Land,133 Falmouth St,Westbrook,ME,04092,140000,,,Westbrook,,5227,,16,,,Active,,,https://www.redfin.com/ME/Westbrook/133-Falmouth-St-04092/home/196147014,MREIS,1627543,N,Y,43.6858922,-70.3624504
MLS Listing,,Vacant Land,317 Bridge St,Westbrook,ME,04092,160000,,,Westbrook,,7840,,16,,,Active,,,https://www.redfin.com/ME/Westbrook/317-Bridge-St-04092/home/196147001,MREIS,1627541,N,Y,43.686394,-70.362909
MLS Listing,,Single Family Residential,75 Landry Cir,South Portland,ME,04106,485000,2,2.0,South Portland,2152,9583,1985,16,225,,Active,,,https://www.redfin.com/ME/South-Portland/75-Landry-Cir-04106/home/100292049,MREIS,1627540,N,Y,43.6219934,-70.310604
MLS Listing,,Condo/Co-op,75 Mcauley Way #207,Portland,ME,04103,1003635,3,2.0,Deering Center,1661,,2025,16,604,550,Active,,,https://www.redfin.com/ME/Portland/75-McAuley-Way-04103/unit-207/home/196144917,MREIS,1627520,N,Y,43.6790798,-70.2925291
MLS Listing,,Condo/Co-op,45 Eastern Promenade Unit 11C,Portland,ME,04101,750000,2,2.0,Portland,1054,,1969,16,712,823,Active,,,https://www.redfin.com/ME/Portland/45-Eastern-Pr-04101/unit-11C/home/85739783,MREIS,1627510,N,Y,43.6648425,-70.2417622
MLS Listing,,Condo/Co-op,27 Ossipee Trl E #1,Standish,ME,04084,299900,2,1.5,Standish,3071,,1912,16,98,,Active,,,https://www.redfin.com/ME/Standish/27-Ossipee-Trl-E-04084/unit-1/home/196143589,MREIS,1627502,N,Y,43.7342974,-70.5492336
MLS Listing,,Single Family Residential,41 Shaw Acres Rd,Standish,ME,04084,439900,2,1.0,Shaw Acres,1168,13068,1940,16,377,33,Active,,,https://www.redfin.com/ME/Standish/41-Shaw-Acres-Rd-04084/home/99979698,MREIS,1627493,N,Y,43.8361769,-70.47829
MLS Listing,,Single Family Residential,7 Benjamins Way,Yarmouth,ME,04096,899000,3,1.0,Yarmouth,960,10890,1974,16,936,,Active,,,https://www.redfin.com/ME/Yarmouth/7-Benjamins-Way-04096/home/100367326,MREIS,1627481,N,Y,43.7564171,-70.1507924
MLS Listing,,Condo/Co-op,3 Cape Woods Dr #3,Cape Elizabeth,ME,04107,725000,2,2.5,Cape Woods,2262,,1987,16,321,355,Active,,,https://www.redfin.com/ME/Cape-Elizabeth/3-Cape-Woods-Dr-04107/home/97688656,MREIS,1627488,N,Y,43.6267129,-70.2321769
MLS Listing,,Vacant Land,Lot 8E Country Club Rd,Sanford,ME,04073,250000,,,Sanford,,87120,,16,,,Active,,,https://www.redfin.com/ME/Sanford/8-Country-Club-Rd-04073/home/196143236,MREIS,1627487,N,Y,43.4104852,-70.7420631
MLS Listing,,Single Family Residential,90 Maple Dr,Gorham,ME,04038,179900,3,2.0,Friendly Village,1248,,2000,16,144,613,Active,,,https://www.redfin.com/ME/Gorham/90-Maple-Dr-04038/home/99959475,MREIS,1626928,N,Y,43.6263038,-70.4513239
MLS Listing,,Single Family Residential,13 Norwood Ln,Kennebunkport,ME,04046,1925000,5,3.0,Kennebunkport,2498,5227,1986,16,771,,Active,,,https://www.redfin.com/ME/Kennebunkport/13-Norwood-Ln-04046/home/100021602,MREIS,1627456,N,Y,43.3966314,-70.4239454
MLS Listing,,Single Family Residential,35 Shady Ln,Arundel,ME,04046,89000,2,1.0,Shady Oaks Mobile Home Park,924,,1985,16,96,650,Active,,,https://www.redfin.com/ME/Arundel/35-Shady-Ln-04046/home/100163957,MREIS,1627273,N,Y,43.4275443,-70.5219055
MLS Listing,,Single Family Residential,34 Thompson Rd,Kennebunk,ME,04043,650000,3,2.0,Kennebunk,1843,20037,1999,16,353,,Active,,,https://www.redfin.com/ME/Kennebunk/34-Thompson-Rd-04043/home/99998909,MREIS,1626659,N,Y,43.4105239,-70.5778061
MLS Listing,,Single Family Residential,276 Foreside Rd,Cumberland,ME,04110,1425000,4,3.5,Cumberland,3940,58806,1988,16,362,4,Active,July-12-2025 11:00 AM,July-12-2025 12:30 PM,https://www.redfin.com/ME/Cumberland-Foreside/276-Foreside-Rd-04110/home/100211351,MREIS,1627009,N,Y,43.7739008,-70.1905528
MLS Listing,,Single Family Residential,91 Shore Dr,Freeport,ME,04032,935000,2,2.0,Freeport,2243,7405,1989,16,417,42,Active,,,https://www.redfin.com/ME/Freeport/91-Shore-Dr-04032/home/97684012,MREIS,1627402,N,Y,43.823237,-70.0642242
MLS Listing,,Single Family Residential,27 Seaside Ave,Saco,ME,04072,715000,3,2.0,Saco,2277,5662,1963,16,314,,Active,,,https://www.redfin.com/ME/Saco/27-Seaside-Ave-04072/home/107070348,MREIS,1626548,N,Y,43.4676998,-70.3850556
MLS Listing,,Single Family Residential,547 Saco Street St,Westbrook,ME,04092,1275000,4,2.0,Westbrook,2712,981842,1826,16,470,,Active,,,https://www.redfin.com/ME/Westbrook/547-Saco-St-04092/home/97641480,MREIS,1627016,N,Y,43.6604532,-70.3818301
MLS Listing,,Single Family Residential,315 Hiltons Ln,Wells,ME,04090,1175000,3,2.5,Wells,2874,619423,1976,17,409,,Active,,,https://www.redfin.com/ME/Wells/315-Hiltons-Ln-04090/home/100053214,MREIS,1627446,N,Y,43.2833999,-70.6472005
MLS Listing,,Condo/Co-op,454 Post Rd #464,Wells,ME,04090,355000,2,1.0,Wells,760,9583,2007,17,467,460,Active,,,https://www.redfin.com/ME/Wells/454-Post-Rd-04090/unit-464/home/100048629,MREIS,1627417,N,Y,43.2883343,-70.6118993
MLS Listing,,Single Family Residential,24 Littlejohn Rd,Cape Elizabeth,ME,04107,795000,3,3.0,Sherwood Forest,1936,20037,1957,17,411,,Active,,,https://www.redfin.com/ME/Cape-Elizabeth/24-Littlejohn-Rd-04107/home/97686613,MREIS,1627398,N,Y,43.6236328,-70.222077
MLS Listing,,Single Family Residential,149 Owl's Nest Rd,Portland,ME,04102,895000,3,2.5,Stroudwater Preserve,2198,9147,2025,17,407,38,Active,,,https://www.redfin.com/ME/Portland/149-Owls-Nest-Rd-04102/home/193217185,MREIS,1627395,N,Y,43.658738,-70.330473
MLS Listing,,Single Family Residential,113 Eastern Ave,Long Island,ME,04050,1650000,2,1.5,Long Island,2058,60112,1990,17,802,,Active,,,https://www.redfin.com/ME/Long-Island/113-Eastern-Ave-04050/home/99929676,MREIS,1627393,N,Y,43.7017594,-70.135953
MLS Listing,,Vacant Land,0 New Gloucester Rd,North Yarmouth,ME,04097,1500000,,,North Yarmouth,,4791600,,17,,,Active,,,https://www.redfin.com/ME/North-Yarmouth/0-New-Gloucester-Rd-04097/home/183856016,MREIS,1627390,N,Y,43.8427607,-70.2552498
MLS Listing,,Single Family Residential,15 Harvey Brook Dr,Freeport,ME,04032,869000,3,1.5,Harvey Brook,2873,109335,1991,17,302,,Active,,,https://www.redfin.com/ME/Freeport/15-Harvey-Brook-Dr-04032/home/97681795,MREIS,1627388,N,Y,43.8453983,-70.1645321
MLS Listing,,Single Family Residential,51 Burwell Ave,South Portland,ME,04106,515000,3,2.0,South Portland,1408,6969,1958,17,366,,Active,,,https://www.redfin.com/ME/South-Portland/51-Burwell-Ave-04106/home/100291398,MREIS,1627371,N,Y,43.6232024,-70.3089942
MLS Listing,,Single Family Residential,8 Roaring Rock Rd,York,ME,03909,2250000,6,4.0,York,5653,27007,1890,17,398,,Active,,,https://www.redfin.com/ME/York/8-Roaring-Rock-Rd-03909/home/96575904,MREIS,1627358,N,Y,43.1360904,-70.6263199
MLS Listing,,Single Family Residential,12 Fillmore Ave,South Portland,ME,04106,575000,3,1.5,South Portland,1667,6098,1958,17,345,,Active,,,https://www.redfin.com/ME/South-Portland/12-Fillmore-Ave-04106/home/100289854,MREIS,1627345,N,Y,43.6239934,-70.3073595
MLS Listing,,Single Family Residential,7 Totem Pines Dr,Hollis,ME,04042,685000,4,2.5,Totem Pines Homeowners Association,2376,40075,2023,17,288,,Active,,,https://www.redfin.com/ME/Hollis-Center/7-Totem-Pines-Dr-04042/home/184748819,MREIS,1627344,N,Y,43.656188,-70.678787
MLS Listing,,Single Family Residential,555 Pool St,Biddeford,ME,04005,895000,3,3.0,Biddeford,2639,61419,1953,17,339,,Active,,,https://www.redfin.com/ME/Biddeford/555-Pool-St-04005/home/106979975,MREIS,1627342,N,Y,43.4621662,-70.3960173
MLS Listing,,Condo/Co-op,189 E Grand Ave #104,Old Orchard Beach,ME,04064,319900,1,1.0,Grand View,315,21780,1986,17,1016,240,Active,,,https://www.redfin.com/ME/Old-Orchard-Beach/189-E-Grand-Ave-04064/unit-104/home/106877181,MREIS,1627331,N,Y,43.5287215,-70.3627143
MLS Listing,,Single Family Residential,326 Meetinghouse Rd,Wells,ME,04090,635000,3,2.0,Wells,1977,131551,1999,17,321,,Active,,,https://www.redfin.com/ME/Wells/326-Meetinghouse-Rd-04090/home/79151633,MREIS,1627328,N,Y,43.3564264,-70.6356504
MLS Listing,,Single Family Residential,2 Maddox Pond Rd,Biddeford,ME,04005,1300000,3,2.5,Biddeford,1747,10018,2007,17,744,,Active,,,https://www.redfin.com/ME/Biddeford/2-Maddox-Pond-Rd-04005/home/106978646,MREIS,1627316,N,Y,43.4306199,-70.3760632
MLS Listing,,Condo/Co-op,148 Breakwater Dr #17,South Portland,ME,04106,924900,3,2.5,Breakwater Condominium Association,1573,,1987,17,588,813,Active,,,https://www.redfin.com/ME/South-Portland/148-Breakwater-Dr-04106/unit-17/home/100288319,MREIS,1627312,N,Y,43.6486206,-70.2327765
MLS Listing,,Single Family Residential,36 Acorn Ln,South Portland,ME,04106,1195000,4,4.0,South Portland,4033,114127,1998,17,296,,Active,,,https://www.redfin.com/ME/South-Portland/36-Acorn-Ln-04106/home/100289306,MREIS,1627298,N,Y,43.6110275,-70.2716535
MLS Listing,,Single Family Residential,42 Coventry Dr,Limington,ME,04049,475000,3,2.0,Limington,1440,47916,1977,17,330,,Active,,,https://www.redfin.com/ME/Limington/42-Coventry-Dr-04049/home/100306544,MREIS,1627294,N,Y,43.6673775,-70.6746311
MLS Listing,,Single Family Residential,511 Ocean Ave,Wells,ME,04090,2100000,5,3.0,Wells,2784,7840,1930,17,754,,Active,,,https://www.redfin.com/ME/Wells/511-Ocean-Ave-04090/home/100051591,MREIS,1627236,N,Y,43.2830336,-70.5760943
MLS Listing,,Single Family Residential,72 Lakeside Dr,Falmouth,ME,04105,1299000,4,2.5,Winslow Commons,3702,186001,1993,17,351,117,Active,July-6-2025 11:00 AM,July-6-2025 12:30 PM,https://www.redfin.com/ME/Falmouth/72-Lakeside-Dr-04105/home/100296072,MREIS,1626924,N,Y,43.7780142,-70.3502634
MLS Listing,,Single Family Residential,32 Allen Ave Ext,Falmouth,ME,04105,665000,3,2.0,Falmouth,1892,16552,1959,17,351,,Active,,,https://www.redfin.com/ME/Falmouth/32-Allen-Avenue-Ext-04105/home/100292676,MREIS,1626838,N,Y,43.7130263,-70.2720929
MLS Listing,,Single Family Residential,21 Peary Ter,South Portland,ME,04106,419999,3,1.0,South Portland,1248,5227,1922,18,337,,Active,,,https://www.redfin.com/ME/South-Portland/21-Peary-Ter-04106/home/100291293,MREIS,1627275,N,Y,43.6288787,-70.2873095
MLS Listing,,Condo/Co-op,156 Sheridan St Unit 2A,Portland,ME,04101,1150000,2,2.0,Munjoy Hill,1501,10454,2015,18,766,775,Active,,,https://www.redfin.com/ME/Portland/156-Sheridan-St-04101/unit-2A/home/169905197,MREIS,1627267,N,Y,43.6673091,-70.2518038
MLS Listing,,Single Family Residential,25 Ward St,Scarborough,ME,04074,849000,4,2.5,Scarborough,2140,15681,2025,18,397,,Active,,,https://www.redfin.com/ME/Scarborough/25-Ward-St-04074/home/196129751,MREIS,1627266,N,Y,43.5873846,-70.3386017
MLS Listing,,Single Family Residential,154 Cycad Ave,York,ME,03909,1249500,3,1.0,York,1536,8712,1980,18,813,,Active,,,https://www.redfin.com/ME/York/154-Cycad-Ave-03909/home/106805733,PrimeMLS,5047236,N,Y,43.170642,-70.5967416
MLS Listing,,Condo/Co-op,22 Joseph Dr #6,Gorham,ME,04038,375000,2,1.5,Gorham,1250,,2000,18,300,275,Active,,,https://www.redfin.com/ME/Gorham/22-Joseph-Dr-04038/unit-6/home/196128179,MREIS,1627224,N,Y,43.6843223,-70.4218531
MLS Listing,,Condo/Co-op,1 Saunders Ave #12,Old Orchard Beach,ME,04064,925000,2,3.0,Old Orchard Beach,1430,5662,1987,18,647,375,Active,July-13-2025 11:00 AM,July-13-2025 01:00 PM,https://www.redfin.com/ME/Old-Orchard-Beach/1-Saunders-Ave-04064/unit-12/home/106877040,MREIS,1627223,N,Y,43.5240364,-70.3663839
MLS Listing,,Single Family Residential,19 Fox Run Rd,Gray,ME,04039,545000,3,2.5,Ledgewood Farms,2168,40946,2010,18,251,75,Active,,,https://www.redfin.com/ME/Gray/19-Fox-Run-Rd-04039/home/100203651,MREIS,1627195,N,Y,43.8549036,-70.3515455
MLS Listing,,Multi-Family (5+ Unit),80 Wilson St,Portland,ME,04101,1795000,8,7.0,Munjoy Hill,4654,39204,1915,18,386,,Active,,,https://www.redfin.com/ME/Portland/80-Wilson-St-04101/home/85743445,MREIS,1627188,N,Y,43.6653337,-70.244765
